timestamp,quote,num_market_pairs
2023-11-07T00:00:00.000Z,"{'USD': {'volume_24h': 45928389.7924466, 'timestamp': '2023-11-07T00:00:00.000Z'}}",99
2023-11-07T00:05:00.000Z,"{'USD': {'volume_24h': 46083617.06218723, 'timestamp': '2023-11-07T00:05:00.000Z'}}",99
2023-11-07T00:10:00.000Z,"{'USD': {'volume_24h': 46093618.38495272, 'timestamp': '2023-11-07T00:10:00.000Z'}}",99
2023-11-07T00:15:00.000Z,"{'USD': {'volume_24h': 46093978.90773223, 'timestamp': '2023-11-07T00:15:00.000Z'}}",99
2023-11-07T00:20:00.000Z,"{'USD': {'volume_24h': 46184391.13759608, 'timestamp': '2023-11-07T00:20:00.000Z'}}",99
2023-11-07T00:25:00.000Z,"{'USD': {'volume_24h': 46337511.21391444, 'timestamp': '2023-11-07T00:25:00.000Z'}}",99
2023-11-07T00:30:00.000Z,"{'USD': {'volume_24h': 46395353.30848794, 'timestamp': '2023-11-07T00:30:00.000Z'}}",99
2023-11-07T00:35:00.000Z,"{'USD': {'volume_24h': 45960050.6550645, 'timestamp': '2023-11-07T00:35:00.000Z'}}",99
2023-11-07T00:40:00.000Z,"{'USD': {'volume_24h': 46460337.99863143, 'timestamp': '2023-11-07T00:40:00.000Z'}}",99
2023-11-07T00:45:00.000Z,"{'USD': {'volume_24h': 46675595.42661405, 'timestamp': '2023-11-07T00:45:00.000Z'}}",99
2023-11-07T00:50:00.000Z,"{'USD': {'volume_24h': 46817314.88943624, 'timestamp': '2023-11-07T00:50:00.000Z'}}",99
2023-11-07T00:55:00.000Z,"{'USD': {'volume_24h': 47063935.1204438, 'timestamp': '2023-11-07T00:55:00.000Z'}}",99
2023-11-07T01:00:00.000Z,"{'USD': {'volume_24h': 47188359.89587878, 'timestamp': '2023-11-07T01:00:00.000Z'}}",99
2023-11-07T01:05:00.000Z,"{'USD': {'volume_24h': 47158604.4136734, 'timestamp': '2023-11-07T01:05:00.000Z'}}",99
2023-11-07T01:10:00.000Z,"{'USD': {'volume_24h': 47254275.4114771, 'timestamp': '2023-11-07T01:10:00.000Z'}}",99
2023-11-07T01:15:00.000Z,"{'USD': {'volume_24h': 47369416.63626146, 'timestamp': '2023-11-07T01:15:00.000Z'}}",99
2023-11-07T01:20:00.000Z,"{'USD': {'volume_24h': 47373710.38657004, 'timestamp': '2023-11-07T01:20:00.000Z'}}",99
2023-11-07T01:25:00.000Z,"{'USD': {'volume_24h': 47283768.05122457, 'timestamp': '2023-11-07T01:25:00.000Z'}}",99
2023-11-07T01:30:00.000Z,"{'USD': {'volume_24h': 47319730.60177989, 'timestamp': '2023-11-07T01:30:00.000Z'}}",99
2023-11-07T01:35:00.000Z,"{'USD': {'volume_24h': 47365177.92300703, 'timestamp': '2023-11-07T01:35:00.000Z'}}",99
2023-11-07T01:40:00.000Z,"{'USD': {'volume_24h': 47262190.73004326, 'timestamp': '2023-11-07T01:40:00.000Z'}}",99
2023-11-07T01:45:00.000Z,"{'USD': {'volume_24h': 47358137.9669558, 'timestamp': '2023-11-07T01:45:00.000Z'}}",99
2023-11-07T01:50:00.000Z,"{'USD': {'volume_24h': 47432834.09119909, 'timestamp': '2023-11-07T01:50:00.000Z'}}",99
2023-11-07T01:55:00.000Z,"{'USD': {'volume_24h': 47396532.48185954, 'timestamp': '2023-11-07T01:55:00.000Z'}}",99
2023-11-07T02:00:00.000Z,"{'USD': {'volume_24h': 47481231.11177444, 'timestamp': '2023-11-07T02:00:00.000Z'}}",99
2023-11-07T02:05:00.000Z,"{'USD': {'volume_24h': 47535121.73092828, 'timestamp': '2023-11-07T02:05:00.000Z'}}",99
2023-11-07T02:10:00.000Z,"{'USD': {'volume_24h': 47625847.74912664, 'timestamp': '2023-11-07T02:10:00.000Z'}}",99
2023-11-07T02:15:00.000Z,"{'USD': {'volume_24h': 47715928.52340477, 'timestamp': '2023-11-07T02:15:00.000Z'}}",99
2023-11-07T02:20:00.000Z,"{'USD': {'volume_24h': 47691411.70092802, 'timestamp': '2023-11-07T02:20:00.000Z'}}",99
2023-11-07T02:25:00.000Z,"{'USD': {'volume_24h': 47704235.1923193, 'timestamp': '2023-11-07T02:25:00.000Z'}}",99
2023-11-07T02:30:00.000Z,"{'USD': {'volume_24h': 47747465.70438131, 'timestamp': '2023-11-07T02:30:00.000Z'}}",99
2023-11-07T02:35:00.000Z,"{'USD': {'volume_24h': 47964022.93119653, 'timestamp': '2023-11-07T02:35:00.000Z'}}",99
2023-11-07T02:40:00.000Z,"{'USD': {'volume_24h': 47976116.12712234, 'timestamp': '2023-11-07T02:40:00.000Z'}}",99
2023-11-07T02:45:00.000Z,"{'USD': {'volume_24h': 48031149.21918465, 'timestamp': '2023-11-07T02:45:00.000Z'}}",99
2023-11-07T02:50:00.000Z,"{'USD': {'volume_24h': 48067067.8713123, 'timestamp': '2023-11-07T02:50:00.000Z'}}",99
2023-11-07T02:55:00.000Z,"{'USD': {'volume_24h': 48085251.10216042, 'timestamp': '2023-11-07T02:55:00.000Z'}}",99
2023-11-07T03:00:00.000Z,"{'USD': {'volume_24h': 48032440.96153349, 'timestamp': '2023-11-07T03:00:00.000Z'}}",99
2023-11-07T03:05:00.000Z,"{'USD': {'volume_24h': 48117712.21745417, 'timestamp': '2023-11-07T03:05:00.000Z'}}",99
2023-11-07T03:10:00.000Z,"{'USD': {'volume_24h': 48066735.4462406, 'timestamp': '2023-11-07T03:10:00.000Z'}}",99
2023-11-07T03:15:00.000Z,"{'USD': {'volume_24h': 47905647.25427285, 'timestamp': '2023-11-07T03:15:00.000Z'}}",99
2023-11-07T03:20:00.000Z,"{'USD': {'volume_24h': 47771474.00758533, 'timestamp': '2023-11-07T03:20:00.000Z'}}",99
2023-11-07T03:25:00.000Z,"{'USD': {'volume_24h': 47722924.80277841, 'timestamp': '2023-11-07T03:25:00.000Z'}}",99
2023-11-07T03:30:00.000Z,"{'USD': {'volume_24h': 47591680.23080862, 'timestamp': '2023-11-07T03:30:00.000Z'}}",99
2023-11-07T03:35:00.000Z,"{'USD': {'volume_24h': 47405881.09795591, 'timestamp': '2023-11-07T03:35:00.000Z'}}",99
2023-11-07T03:40:00.000Z,"{'USD': {'volume_24h': 47289083.51406164, 'timestamp': '2023-11-07T03:40:00.000Z'}}",99
2023-11-07T03:45:00.000Z,"{'USD': {'volume_24h': 47339939.22916395, 'timestamp': '2023-11-07T03:45:00.000Z'}}",99
2023-11-07T03:50:00.000Z,"{'USD': {'volume_24h': 47374496.96915285, 'timestamp': '2023-11-07T03:50:00.000Z'}}",99
2023-11-07T03:55:00.000Z,"{'USD': {'volume_24h': 47429912.07839886, 'timestamp': '2023-11-07T03:55:00.000Z'}}",99
2023-11-07T04:00:00.000Z,"{'USD': {'volume_24h': 47605014.54965809, 'timestamp': '2023-11-07T04:00:00.000Z'}}",99
2023-11-07T04:05:00.000Z,"{'USD': {'volume_24h': 47635589.74958925, 'timestamp': '2023-11-07T04:05:00.000Z'}}",99
2023-11-07T04:10:00.000Z,"{'USD': {'volume_24h': 47551711.82536081, 'timestamp': '2023-11-07T04:10:00.000Z'}}",99
2023-11-07T04:15:00.000Z,"{'USD': {'volume_24h': 47528996.29252151, 'timestamp': '2023-11-07T04:15:00.000Z'}}",99
2023-11-07T04:20:00.000Z,"{'USD': {'volume_24h': 47587721.79568556, 'timestamp': '2023-11-07T04:20:00.000Z'}}",99
2023-11-07T04:25:00.000Z,"{'USD': {'volume_24h': 47551820.88901705, 'timestamp': '2023-11-07T04:25:00.000Z'}}",99
2023-11-07T04:30:00.000Z,"{'USD': {'volume_24h': 47444865.76909026, 'timestamp': '2023-11-07T04:30:00.000Z'}}",99
2023-11-07T04:35:00.000Z,"{'USD': {'volume_24h': 47371577.66251223, 'timestamp': '2023-11-07T04:35:00.000Z'}}",99
2023-11-07T04:40:00.000Z,"{'USD': {'volume_24h': 47324445.48586863, 'timestamp': '2023-11-07T04:40:00.000Z'}}",99
2023-11-07T04:45:00.000Z,"{'USD': {'volume_24h': 47262896.51718773, 'timestamp': '2023-11-07T04:45:00.000Z'}}",99
2023-11-07T04:50:00.000Z,"{'USD': {'volume_24h': 47388200.49308989, 'timestamp': '2023-11-07T04:50:00.000Z'}}",99
2023-11-07T04:55:00.000Z,"{'USD': {'volume_24h': 47383598.33763383, 'timestamp': '2023-11-07T04:55:00.000Z'}}",99
2023-11-07T05:00:00.000Z,"{'USD': {'volume_24h': 47382006.8934295, 'timestamp': '2023-11-07T05:00:00.000Z'}}",99
2023-11-07T05:05:00.000Z,"{'USD': {'volume_24h': 47343897.49514353, 'timestamp': '2023-11-07T05:05:00.000Z'}}",99
2023-11-07T05:10:00.000Z,"{'USD': {'volume_24h': 47328676.11263466, 'timestamp': '2023-11-07T05:10:00.000Z'}}",99
2023-11-07T05:15:00.000Z,"{'USD': {'volume_24h': 47328784.79083934, 'timestamp': '2023-11-07T05:15:00.000Z'}}",99
2023-11-07T05:20:00.000Z,"{'USD': {'volume_24h': 47340100.34850768, 'timestamp': '2023-11-07T05:20:00.000Z'}}",99
2023-11-07T05:25:00.000Z,"{'USD': {'volume_24h': 47307455.6678189, 'timestamp': '2023-11-07T05:25:00.000Z'}}",99
2023-11-07T05:30:00.000Z,"{'USD': {'volume_24h': 47260332.81345701, 'timestamp': '2023-11-07T05:30:00.000Z'}}",99
2023-11-07T05:35:00.000Z,"{'USD': {'volume_24h': 47277468.52702906, 'timestamp': '2023-11-07T05:35:00.000Z'}}",99
2023-11-07T05:40:00.000Z,"{'USD': {'volume_24h': 47325246.14073525, 'timestamp': '2023-11-07T05:40:00.000Z'}}",99
2023-11-07T05:45:00.000Z,"{'USD': {'volume_24h': 47360332.08108974, 'timestamp': '2023-11-07T05:45:00.000Z'}}",99
2023-11-07T05:50:00.000Z,"{'USD': {'volume_24h': 47368750.40732136, 'timestamp': '2023-11-07T05:50:00.000Z'}}",99
2023-11-07T05:55:00.000Z,"{'USD': {'volume_24h': 47405080.0618507, 'timestamp': '2023-11-07T05:55:00.000Z'}}",99
2023-11-07T06:00:00.000Z,"{'USD': {'volume_24h': 47440403.36504306, 'timestamp': '2023-11-07T06:00:00.000Z'}}",99
2023-11-07T06:05:00.000Z,"{'USD': {'volume_24h': 47397882.9825127, 'timestamp': '2023-11-07T06:05:00.000Z'}}",99
2023-11-07T06:10:00.000Z,"{'USD': {'volume_24h': 47493969.87444396, 'timestamp': '2023-11-07T06:10:00.000Z'}}",99
2023-11-07T06:15:00.000Z,"{'USD': {'volume_24h': 47477089.37164298, 'timestamp': '2023-11-07T06:15:00.000Z'}}",99
2023-11-07T06:20:00.000Z,"{'USD': {'volume_24h': 47490106.54031479, 'timestamp': '2023-11-07T06:20:00.000Z'}}",99
2023-11-07T06:25:00.000Z,"{'USD': {'volume_24h': 47462033.96544957, 'timestamp': '2023-11-07T06:25:00.000Z'}}",99
2023-11-07T06:30:00.000Z,"{'USD': {'volume_24h': 47473309.21478259, 'timestamp': '2023-11-07T06:30:00.000Z'}}",99
2023-11-07T06:35:00.000Z,"{'USD': {'volume_24h': 47504907.84107493, 'timestamp': '2023-11-07T06:35:00.000Z'}}",99
2023-11-07T06:40:00.000Z,"{'USD': {'volume_24h': 47494054.23964617, 'timestamp': '2023-11-07T06:40:00.000Z'}}",99
2023-11-07T06:45:00.000Z,"{'USD': {'volume_24h': 47438475.32149696, 'timestamp': '2023-11-07T06:45:00.000Z'}}",99
2023-11-07T06:50:00.000Z,"{'USD': {'volume_24h': 47460502.77816963, 'timestamp': '2023-11-07T06:50:00.000Z'}}",99
2023-11-07T06:55:00.000Z,"{'USD': {'volume_24h': 47468186.25562935, 'timestamp': '2023-11-07T06:55:00.000Z'}}",99
2023-11-07T07:00:00.000Z,"{'USD': {'volume_24h': 47469367.48273236, 'timestamp': '2023-11-07T07:00:00.000Z'}}",99
2023-11-07T07:05:00.000Z,"{'USD': {'volume_24h': 47491953.61666742, 'timestamp': '2023-11-07T07:05:00.000Z'}}",99
2023-11-07T07:10:00.000Z,"{'USD': {'volume_24h': 47439752.77244969, 'timestamp': '2023-11-07T07:10:00.000Z'}}",99
2023-11-07T07:15:00.000Z,"{'USD': {'volume_24h': 47447703.96471052, 'timestamp': '2023-11-07T07:15:00.000Z'}}",99
2023-11-07T07:20:00.000Z,"{'USD': {'volume_24h': 47471192.92096901, 'timestamp': '2023-11-07T07:20:00.000Z'}}",99
2023-11-07T07:25:00.000Z,"{'USD': {'volume_24h': 47490089.37096152, 'timestamp': '2023-11-07T07:25:00.000Z'}}",99
2023-11-07T07:30:00.000Z,"{'USD': {'volume_24h': 47378371.48525605, 'timestamp': '2023-11-07T07:30:00.000Z'}}",99
2023-11-07T07:35:00.000Z,"{'USD': {'volume_24h': 47335745.80932269, 'timestamp': '2023-11-07T07:35:00.000Z'}}",99
2023-11-07T07:40:00.000Z,"{'USD': {'volume_24h': 47296964.96423534, 'timestamp': '2023-11-07T07:40:00.000Z'}}",99
2023-11-07T07:45:00.000Z,"{'USD': {'volume_24h': 47332508.79204889, 'timestamp': '2023-11-07T07:45:00.000Z'}}",99
2023-11-07T07:50:00.000Z,"{'USD': {'volume_24h': 47353367.15942982, 'timestamp': '2023-11-07T07:50:00.000Z'}}",99
2023-11-07T07:55:00.000Z,"{'USD': {'volume_24h': 47389805.30181199, 'timestamp': '2023-11-07T07:55:00.000Z'}}",99
2023-11-07T08:00:00.000Z,"{'USD': {'volume_24h': 47374471.05118625, 'timestamp': '2023-11-07T08:00:00.000Z'}}",99
2023-11-07T08:05:00.000Z,"{'USD': {'volume_24h': 47593656.61212727, 'timestamp': '2023-11-07T08:05:00.000Z'}}",99
2023-11-07T08:10:00.000Z,"{'USD': {'volume_24h': 47565619.11949535, 'timestamp': '2023-11-07T08:10:00.000Z'}}",99
2023-11-07T08:15:00.000Z,"{'USD': {'volume_24h': 47549872.75359547, 'timestamp': '2023-11-07T08:15:00.000Z'}}",99
2023-11-07T08:20:00.000Z,"{'USD': {'volume_24h': 47439354.55575582, 'timestamp': '2023-11-07T08:20:00.000Z'}}",99
2023-11-07T08:25:00.000Z,"{'USD': {'volume_24h': 47428556.85009681, 'timestamp': '2023-11-07T08:25:00.000Z'}}",99
2023-11-07T08:30:00.000Z,"{'USD': {'volume_24h': 47348806.12245741, 'timestamp': '2023-11-07T08:30:00.000Z'}}",99
2023-11-07T08:35:00.000Z,"{'USD': {'volume_24h': 47370518.73886737, 'timestamp': '2023-11-07T08:35:00.000Z'}}",99
2023-11-07T08:40:00.000Z,"{'USD': {'volume_24h': 47334599.40608338, 'timestamp': '2023-11-07T08:40:00.000Z'}}",99
2023-11-07T08:45:00.000Z,"{'USD': {'volume_24h': 47357947.73145088, 'timestamp': '2023-11-07T08:45:00.000Z'}}",99
2023-11-07T08:50:00.000Z,"{'USD': {'volume_24h': 47344507.43526007, 'timestamp': '2023-11-07T08:50:00.000Z'}}",99
2023-11-07T08:55:00.000Z,"{'USD': {'volume_24h': 47309447.46149237, 'timestamp': '2023-11-07T08:55:00.000Z'}}",99
2023-11-07T09:00:00.000Z,"{'USD': {'volume_24h': 47328947.36009166, 'timestamp': '2023-11-07T09:00:00.000Z'}}",99
2023-11-07T09:05:00.000Z,"{'USD': {'volume_24h': 47304266.39770106, 'timestamp': '2023-11-07T09:05:00.000Z'}}",99
2023-11-07T09:10:00.000Z,"{'USD': {'volume_24h': 47240106.76763839, 'timestamp': '2023-11-07T09:10:00.000Z'}}",99
2023-11-07T09:15:00.000Z,"{'USD': {'volume_24h': 47209231.01421081, 'timestamp': '2023-11-07T09:15:00.000Z'}}",99
2023-11-07T09:20:00.000Z,"{'USD': {'volume_24h': 47210296.2959084, 'timestamp': '2023-11-07T09:20:00.000Z'}}",99
2023-11-07T09:25:00.000Z,"{'USD': {'volume_24h': 47212950.13706369, 'timestamp': '2023-11-07T09:25:00.000Z'}}",99
2023-11-07T09:30:00.000Z,"{'USD': {'volume_24h': 47158332.53399852, 'timestamp': '2023-11-07T09:30:00.000Z'}}",99
2023-11-07T09:35:00.000Z,"{'USD': {'volume_24h': 47095568.68293153, 'timestamp': '2023-11-07T09:35:00.000Z'}}",99
2023-11-07T09:40:00.000Z,"{'USD': {'volume_24h': 47046615.50747509, 'timestamp': '2023-11-07T09:40:00.000Z'}}",99
2023-11-07T09:45:00.000Z,"{'USD': {'volume_24h': 47165828.08766489, 'timestamp': '2023-11-07T09:45:00.000Z'}}",99
2023-11-07T09:50:00.000Z,"{'USD': {'volume_24h': 47171766.15053943, 'timestamp': '2023-11-07T09:50:00.000Z'}}",99
2023-11-07T09:55:00.000Z,"{'USD': {'volume_24h': 47091266.77911096, 'timestamp': '2023-11-07T09:55:00.000Z'}}",99
2023-11-07T10:00:00.000Z,"{'USD': {'volume_24h': 46915148.66911833, 'timestamp': '2023-11-07T10:00:00.000Z'}}",99
2023-11-07T10:05:00.000Z,"{'USD': {'volume_24h': 46722349.46198034, 'timestamp': '2023-11-07T10:05:00.000Z'}}",99
2023-11-07T10:10:00.000Z,"{'USD': {'volume_24h': 46582134.00837813, 'timestamp': '2023-11-07T10:10:00.000Z'}}",99
2023-11-07T10:15:00.000Z,"{'USD': {'volume_24h': 46459653.04278506, 'timestamp': '2023-11-07T10:15:00.000Z'}}",99
2023-11-07T10:20:00.000Z,"{'USD': {'volume_24h': 46320429.3634647, 'timestamp': '2023-11-07T10:20:00.000Z'}}",99
2023-11-07T10:25:00.000Z,"{'USD': {'volume_24h': 46327367.20738094, 'timestamp': '2023-11-07T10:25:00.000Z'}}",99
2023-11-07T10:30:00.000Z,"{'USD': {'volume_24h': 46391801.31594216, 'timestamp': '2023-11-07T10:30:00.000Z'}}",99
2023-11-07T10:35:00.000Z,"{'USD': {'volume_24h': 46542260.79263642, 'timestamp': '2023-11-07T10:35:00.000Z'}}",99
2023-11-07T10:40:00.000Z,"{'USD': {'volume_24h': 46514473.06934628, 'timestamp': '2023-11-07T10:40:00.000Z'}}",99
2023-11-07T10:45:00.000Z,"{'USD': {'volume_24h': 46508652.73935266, 'timestamp': '2023-11-07T10:45:00.000Z'}}",99
2023-11-07T10:50:00.000Z,"{'USD': {'volume_24h': 46346910.76849211, 'timestamp': '2023-11-07T10:50:00.000Z'}}",99
2023-11-07T10:55:00.000Z,"{'USD': {'volume_24h': 46368168.50908204, 'timestamp': '2023-11-07T10:55:00.000Z'}}",99
2023-11-07T11:00:00.000Z,"{'USD': {'volume_24h': 46248935.66054197, 'timestamp': '2023-11-07T11:00:00.000Z'}}",99
2023-11-07T11:05:00.000Z,"{'USD': {'volume_24h': 45932004.53492232, 'timestamp': '2023-11-07T11:05:00.000Z'}}",99
2023-11-07T11:10:00.000Z,"{'USD': {'volume_24h': 45836951.13005379, 'timestamp': '2023-11-07T11:10:00.000Z'}}",99
2023-11-07T11:15:00.000Z,"{'USD': {'volume_24h': 45829496.0527232, 'timestamp': '2023-11-07T11:15:00.000Z'}}",99
2023-11-07T11:20:00.000Z,"{'USD': {'volume_24h': 45818053.75725206, 'timestamp': '2023-11-07T11:20:00.000Z'}}",99
2023-11-07T11:25:00.000Z,"{'USD': {'volume_24h': 45721149.58790484, 'timestamp': '2023-11-07T11:25:00.000Z'}}",99
2023-11-07T11:30:00.000Z,"{'USD': {'volume_24h': 45738359.12345059, 'timestamp': '2023-11-07T11:30:00.000Z'}}",99
2023-11-07T11:35:00.000Z,"{'USD': {'volume_24h': 45713910.53339107, 'timestamp': '2023-11-07T11:35:00.000Z'}}",99
2023-11-07T11:40:00.000Z,"{'USD': {'volume_24h': 45812859.6096597, 'timestamp': '2023-11-07T11:40:00.000Z'}}",99
2023-11-07T11:45:00.000Z,"{'USD': {'volume_24h': 45787984.46226379, 'timestamp': '2023-11-07T11:45:00.000Z'}}",99
2023-11-07T11:50:00.000Z,"{'USD': {'volume_24h': 45787181.08422191, 'timestamp': '2023-11-07T11:50:00.000Z'}}",99
2023-11-07T11:55:00.000Z,"{'USD': {'volume_24h': 45768228.47244618, 'timestamp': '2023-11-07T11:55:00.000Z'}}",99
2023-11-07T12:00:00.000Z,"{'USD': {'volume_24h': 45790237.28737306, 'timestamp': '2023-11-07T12:00:00.000Z'}}",99
2023-11-07T12:05:00.000Z,"{'USD': {'volume_24h': 45808402.07317707, 'timestamp': '2023-11-07T12:05:00.000Z'}}",99
2023-11-07T12:10:00.000Z,"{'USD': {'volume_24h': 45637111.53659759, 'timestamp': '2023-11-07T12:10:00.000Z'}}",99
2023-11-07T12:15:00.000Z,"{'USD': {'volume_24h': 45665441.43765204, 'timestamp': '2023-11-07T12:15:00.000Z'}}",99
2023-11-07T12:20:00.000Z,"{'USD': {'volume_24h': 45896751.45489633, 'timestamp': '2023-11-07T12:20:00.000Z'}}",99
2023-11-07T12:25:00.000Z,"{'USD': {'volume_24h': 46166646.50135807, 'timestamp': '2023-11-07T12:25:00.000Z'}}",99
2023-11-07T12:30:00.000Z,"{'USD': {'volume_24h': 46241464.39884067, 'timestamp': '2023-11-07T12:30:00.000Z'}}",99
2023-11-07T12:35:00.000Z,"{'USD': {'volume_24h': 46049461.99835282, 'timestamp': '2023-11-07T12:35:00.000Z'}}",99
2023-11-07T12:40:00.000Z,"{'USD': {'volume_24h': 46035002.7447524, 'timestamp': '2023-11-07T12:40:00.000Z'}}",99
2023-11-07T12:45:00.000Z,"{'USD': {'volume_24h': 46182919.88793179, 'timestamp': '2023-11-07T12:45:00.000Z'}}",99
2023-11-07T12:50:00.000Z,"{'USD': {'volume_24h': 46169807.29712736, 'timestamp': '2023-11-07T12:50:00.000Z'}}",99
2023-11-07T12:55:00.000Z,"{'USD': {'volume_24h': 46175834.38220517, 'timestamp': '2023-11-07T12:55:00.000Z'}}",99
2023-11-07T13:00:00.000Z,"{'USD': {'volume_24h': 46142853.16214252, 'timestamp': '2023-11-07T13:00:00.000Z'}}",99
2023-11-07T13:05:00.000Z,"{'USD': {'volume_24h': 46206353.11372506, 'timestamp': '2023-11-07T13:05:00.000Z'}}",99
2023-11-07T13:10:00.000Z,"{'USD': {'volume_24h': 46448183.0953434, 'timestamp': '2023-11-07T13:10:00.000Z'}}",99
2023-11-07T13:15:00.000Z,"{'USD': {'volume_24h': 46286327.67697662, 'timestamp': '2023-11-07T13:15:00.000Z'}}",99
2023-11-07T13:20:00.000Z,"{'USD': {'volume_24h': 46397769.14838471, 'timestamp': '2023-11-07T13:20:00.000Z'}}",99
2023-11-07T13:25:00.000Z,"{'USD': {'volume_24h': 46538653.64003884, 'timestamp': '2023-11-07T13:25:00.000Z'}}",99
2023-11-07T13:30:00.000Z,"{'USD': {'volume_24h': 46817473.75001429, 'timestamp': '2023-11-07T13:30:00.000Z'}}",99
2023-11-07T13:35:00.000Z,"{'USD': {'volume_24h': 46802005.76940602, 'timestamp': '2023-11-07T13:35:00.000Z'}}",99
2023-11-07T13:40:00.000Z,"{'USD': {'volume_24h': 46783092.03856446, 'timestamp': '2023-11-07T13:40:00.000Z'}}",99
2023-11-07T13:45:00.000Z,"{'USD': {'volume_24h': 46914854.50205193, 'timestamp': '2023-11-07T13:45:00.000Z'}}",99
2023-11-07T13:50:00.000Z,"{'USD': {'volume_24h': 47375797.25124692, 'timestamp': '2023-11-07T13:50:00.000Z'}}",99
2023-11-07T13:55:00.000Z,"{'USD': {'volume_24h': 47368429.33474693, 'timestamp': '2023-11-07T13:55:00.000Z'}}",99
2023-11-07T14:00:00.000Z,"{'USD': {'volume_24h': 47308872.52112789, 'timestamp': '2023-11-07T14:00:00.000Z'}}",99
2023-11-07T14:05:00.000Z,"{'USD': {'volume_24h': 47384816.04362849, 'timestamp': '2023-11-07T14:05:00.000Z'}}",99
2023-11-07T14:10:00.000Z,"{'USD': {'volume_24h': 47377507.34407484, 'timestamp': '2023-11-07T14:10:00.000Z'}}",99
2023-11-07T14:15:00.000Z,"{'USD': {'volume_24h': 47241037.20127633, 'timestamp': '2023-11-07T14:15:00.000Z'}}",99
2023-11-07T14:20:00.000Z,"{'USD': {'volume_24h': 47562369.50597899, 'timestamp': '2023-11-07T14:20:00.000Z'}}",99
2023-11-07T14:25:00.000Z,"{'USD': {'volume_24h': 47962792.88574032, 'timestamp': '2023-11-07T14:25:00.000Z'}}",99
2023-11-07T14:30:00.000Z,"{'USD': {'volume_24h': 48328078.82819063, 'timestamp': '2023-11-07T14:30:00.000Z'}}",99
2023-11-07T14:35:00.000Z,"{'USD': {'volume_24h': 48728411.30303214, 'timestamp': '2023-11-07T14:35:00.000Z'}}",99
2023-11-07T14:40:00.000Z,"{'USD': {'volume_24h': 49083931.32597932, 'timestamp': '2023-11-07T14:40:00.000Z'}}",99
2023-11-07T14:45:00.000Z,"{'USD': {'volume_24h': 49420291.32267517, 'timestamp': '2023-11-07T14:45:00.000Z'}}",99
2023-11-07T14:50:00.000Z,"{'USD': {'volume_24h': 49717380.6969146, 'timestamp': '2023-11-07T14:50:00.000Z'}}",99
2023-11-07T14:55:00.000Z,"{'USD': {'volume_24h': 49731185.39179275, 'timestamp': '2023-11-07T14:55:00.000Z'}}",99
2023-11-07T15:00:00.000Z,"{'USD': {'volume_24h': 49746773.87158902, 'timestamp': '2023-11-07T15:00:00.000Z'}}",99
2023-11-07T15:05:00.000Z,"{'USD': {'volume_24h': 49637319.38931179, 'timestamp': '2023-11-07T15:05:00.000Z'}}",99
2023-11-07T15:10:00.000Z,"{'USD': {'volume_24h': 49507654.79958896, 'timestamp': '2023-11-07T15:10:00.000Z'}}",99
2023-11-07T15:15:00.000Z,"{'USD': {'volume_24h': 49296936.80626462, 'timestamp': '2023-11-07T15:15:00.000Z'}}",99
2023-11-07T15:20:00.000Z,"{'USD': {'volume_24h': 49447883.73070507, 'timestamp': '2023-11-07T15:20:00.000Z'}}",99
2023-11-07T15:25:00.000Z,"{'USD': {'volume_24h': 49459328.76360907, 'timestamp': '2023-11-07T15:25:00.000Z'}}",99
2023-11-07T15:30:00.000Z,"{'USD': {'volume_24h': 49470598.82527048, 'timestamp': '2023-11-07T15:30:00.000Z'}}",99
2023-11-07T15:35:00.000Z,"{'USD': {'volume_24h': 49661388.48762744, 'timestamp': '2023-11-07T15:35:00.000Z'}}",99
2023-11-07T15:40:00.000Z,"{'USD': {'volume_24h': 49819824.65223729, 'timestamp': '2023-11-07T15:40:00.000Z'}}",99
2023-11-07T15:45:00.000Z,"{'USD': {'volume_24h': 49911481.82021521, 'timestamp': '2023-11-07T15:45:00.000Z'}}",99
2023-11-07T15:50:00.000Z,"{'USD': {'volume_24h': 49933918.73847552, 'timestamp': '2023-11-07T15:50:00.000Z'}}",99
2023-11-07T15:55:00.000Z,"{'USD': {'volume_24h': 50169033.70171291, 'timestamp': '2023-11-07T15:55:00.000Z'}}",99
2023-11-07T16:00:00.000Z,"{'USD': {'volume_24h': 50388314.30058312, 'timestamp': '2023-11-07T16:00:00.000Z'}}",99
2023-11-07T16:05:00.000Z,"{'USD': {'volume_24h': 50561019.48889446, 'timestamp': '2023-11-07T16:05:00.000Z'}}",99
2023-11-07T16:10:00.000Z,"{'USD': {'volume_24h': 50739234.62145044, 'timestamp': '2023-11-07T16:10:00.000Z'}}",99
2023-11-07T16:15:00.000Z,"{'USD': {'volume_24h': 50690564.85682962, 'timestamp': '2023-11-07T16:15:00.000Z'}}",99
2023-11-07T16:20:00.000Z,"{'USD': {'volume_24h': 50678594.45847891, 'timestamp': '2023-11-07T16:20:00.000Z'}}",99
2023-11-07T16:25:00.000Z,"{'USD': {'volume_24h': 50616985.01001731, 'timestamp': '2023-11-07T16:25:00.000Z'}}",99
2023-11-07T16:30:00.000Z,"{'USD': {'volume_24h': 50293433.67395169, 'timestamp': '2023-11-07T16:30:00.000Z'}}",99
2023-11-07T16:35:00.000Z,"{'USD': {'volume_24h': 50046562.79318818, 'timestamp': '2023-11-07T16:35:00.000Z'}}",99
2023-11-07T16:40:00.000Z,"{'USD': {'volume_24h': 49965226.78496209, 'timestamp': '2023-11-07T16:40:00.000Z'}}",99
2023-11-07T16:45:00.000Z,"{'USD': {'volume_24h': 50038893.74049015, 'timestamp': '2023-11-07T16:45:00.000Z'}}",99
2023-11-07T16:50:00.000Z,"{'USD': {'volume_24h': 50182438.94575986, 'timestamp': '2023-11-07T16:50:00.000Z'}}",99
2023-11-07T16:55:00.000Z,"{'USD': {'volume_24h': 50191825.13120336, 'timestamp': '2023-11-07T16:55:00.000Z'}}",99
2023-11-07T17:00:00.000Z,"{'USD': {'volume_24h': 50294146.5967594, 'timestamp': '2023-11-07T17:00:00.000Z'}}",99
2023-11-07T17:05:00.000Z,"{'USD': {'volume_24h': 50334114.75975595, 'timestamp': '2023-11-07T17:05:00.000Z'}}",99
2023-11-07T17:10:00.000Z,"{'USD': {'volume_24h': 50213740.66428803, 'timestamp': '2023-11-07T17:10:00.000Z'}}",99
2023-11-07T17:15:00.000Z,"{'USD': {'volume_24h': 50152691.10820526, 'timestamp': '2023-11-07T17:15:00.000Z'}}",99
2023-11-07T17:20:00.000Z,"{'USD': {'volume_24h': 49845871.39506757, 'timestamp': '2023-11-07T17:20:00.000Z'}}",99
2023-11-07T17:25:00.000Z,"{'USD': {'volume_24h': 49202260.15608202, 'timestamp': '2023-11-07T17:25:00.000Z'}}",99
2023-11-07T17:30:00.000Z,"{'USD': {'volume_24h': 49658208.48306807, 'timestamp': '2023-11-07T17:30:00.000Z'}}",99
2023-11-07T17:35:00.000Z,"{'USD': {'volume_24h': 49374748.08236273, 'timestamp': '2023-11-07T17:35:00.000Z'}}",99
2023-11-07T17:40:00.000Z,"{'USD': {'volume_24h': 49056310.23527621, 'timestamp': '2023-11-07T17:40:00.000Z'}}",99
2023-11-07T17:45:00.000Z,"{'USD': {'volume_24h': 48811485.79124518, 'timestamp': '2023-11-07T17:45:00.000Z'}}",99
2023-11-07T17:50:00.000Z,"{'USD': {'volume_24h': 48446276.42757758, 'timestamp': '2023-11-07T17:50:00.000Z'}}",99
2023-11-07T17:55:00.000Z,"{'USD': {'volume_24h': 48454941.87652185, 'timestamp': '2023-11-07T17:55:00.000Z'}}",99
2023-11-07T18:00:00.000Z,"{'USD': {'volume_24h': 48289988.68774528, 'timestamp': '2023-11-07T18:00:00.000Z'}}",99
2023-11-07T18:05:00.000Z,"{'USD': {'volume_24h': 48150296.89667708, 'timestamp': '2023-11-07T18:05:00.000Z'}}",99
2023-11-07T18:10:00.000Z,"{'USD': {'volume_24h': 48059582.76293071, 'timestamp': '2023-11-07T18:10:00.000Z'}}",99
2023-11-07T18:15:00.000Z,"{'USD': {'volume_24h': 48085839.42889515, 'timestamp': '2023-11-07T18:15:00.000Z'}}",99
2023-11-07T18:20:00.000Z,"{'USD': {'volume_24h': 48179046.68113412, 'timestamp': '2023-11-07T18:20:00.000Z'}}",99
2023-11-07T18:25:00.000Z,"{'USD': {'volume_24h': 48267779.5545199, 'timestamp': '2023-11-07T18:25:00.000Z'}}",99
2023-11-07T18:30:00.000Z,"{'USD': {'volume_24h': 48293917.65291215, 'timestamp': '2023-11-07T18:30:00.000Z'}}",99
2023-11-07T18:35:00.000Z,"{'USD': {'volume_24h': 48289742.56464217, 'timestamp': '2023-11-07T18:35:00.000Z'}}",99
2023-11-07T18:40:00.000Z,"{'USD': {'volume_24h': 48367604.72125105, 'timestamp': '2023-11-07T18:40:00.000Z'}}",99
2023-11-07T18:45:00.000Z,"{'USD': {'volume_24h': 48424469.93894076, 'timestamp': '2023-11-07T18:45:00.000Z'}}",99
2023-11-07T18:50:00.000Z,"{'USD': {'volume_24h': 48570798.52349087, 'timestamp': '2023-11-07T18:50:00.000Z'}}",99
2023-11-07T18:55:00.000Z,"{'USD': {'volume_24h': 48533598.76585875, 'timestamp': '2023-11-07T18:55:00.000Z'}}",99
2023-11-07T19:00:00.000Z,"{'USD': {'volume_24h': 48568753.5884648, 'timestamp': '2023-11-07T19:00:00.000Z'}}",99
2023-11-07T19:05:00.000Z,"{'USD': {'volume_24h': 48559433.00749132, 'timestamp': '2023-11-07T19:05:00.000Z'}}",99
2023-11-07T19:10:00.000Z,"{'USD': {'volume_24h': 48535980.62163216, 'timestamp': '2023-11-07T19:10:00.000Z'}}",99
2023-11-07T19:15:00.000Z,"{'USD': {'volume_24h': 48679013.63620977, 'timestamp': '2023-11-07T19:15:00.000Z'}}",99
2023-11-07T19:20:00.000Z,"{'USD': {'volume_24h': 48675953.69288568, 'timestamp': '2023-11-07T19:20:00.000Z'}}",99
2023-11-07T19:25:00.000Z,"{'USD': {'volume_24h': 48591354.76978872, 'timestamp': '2023-11-07T19:25:00.000Z'}}",99
2023-11-07T19:30:00.000Z,"{'USD': {'volume_24h': 48584375.7458537, 'timestamp': '2023-11-07T19:30:00.000Z'}}",99
2023-11-07T19:35:00.000Z,"{'USD': {'volume_24h': 48531291.82346908, 'timestamp': '2023-11-07T19:35:00.000Z'}}",99
2023-11-07T19:40:00.000Z,"{'USD': {'volume_24h': 48578872.03154165, 'timestamp': '2023-11-07T19:40:00.000Z'}}",99
2023-11-07T19:45:00.000Z,"{'USD': {'volume_24h': 48490949.99522257, 'timestamp': '2023-11-07T19:45:00.000Z'}}",99
2023-11-07T19:50:00.000Z,"{'USD': {'volume_24h': 48422367.8286299, 'timestamp': '2023-11-07T19:50:00.000Z'}}",99
2023-11-07T19:55:00.000Z,"{'USD': {'volume_24h': 48381337.98320554, 'timestamp': '2023-11-07T19:55:00.000Z'}}",99
2023-11-07T20:00:00.000Z,"{'USD': {'volume_24h': 48373473.39043742, 'timestamp': '2023-11-07T20:00:00.000Z'}}",99
2023-11-07T20:05:00.000Z,"{'USD': {'volume_24h': 48305489.62800573, 'timestamp': '2023-11-07T20:05:00.000Z'}}",99
2023-11-07T20:10:00.000Z,"{'USD': {'volume_24h': 48232041.61199172, 'timestamp': '2023-11-07T20:10:00.000Z'}}",99
2023-11-07T20:15:00.000Z,"{'USD': {'volume_24h': 48215471.65171721, 'timestamp': '2023-11-07T20:15:00.000Z'}}",99
2023-11-07T20:20:00.000Z,"{'USD': {'volume_24h': 48282611.81093176, 'timestamp': '2023-11-07T20:20:00.000Z'}}",99
2023-11-07T20:25:00.000Z,"{'USD': {'volume_24h': 48319096.95764188, 'timestamp': '2023-11-07T20:25:00.000Z'}}",99
2023-11-07T20:30:00.000Z,"{'USD': {'volume_24h': 48356231.22710927, 'timestamp': '2023-11-07T20:30:00.000Z'}}",99
2023-11-07T20:35:00.000Z,"{'USD': {'volume_24h': 48233964.96096372, 'timestamp': '2023-11-07T20:35:00.000Z'}}",99
2023-11-07T20:40:00.000Z,"{'USD': {'volume_24h': 48269644.05316692, 'timestamp': '2023-11-07T20:40:00.000Z'}}",99
2023-11-07T20:45:00.000Z,"{'USD': {'volume_24h': 48353910.49526168, 'timestamp': '2023-11-07T20:45:00.000Z'}}",99
2023-11-07T20:50:00.000Z,"{'USD': {'volume_24h': 48434185.35375322, 'timestamp': '2023-11-07T20:50:00.000Z'}}",99
2023-11-07T20:55:00.000Z,"{'USD': {'volume_24h': 48510749.2762022, 'timestamp': '2023-11-07T20:55:00.000Z'}}",99
2023-11-07T21:00:00.000Z,"{'USD': {'volume_24h': 48559320.61155057, 'timestamp': '2023-11-07T21:00:00.000Z'}}",99
2023-11-07T21:05:00.000Z,"{'USD': {'volume_24h': 48489541.72995166, 'timestamp': '2023-11-07T21:05:00.000Z'}}",99
2023-11-07T21:10:00.000Z,"{'USD': {'volume_24h': 48393258.15661029, 'timestamp': '2023-11-07T21:10:00.000Z'}}",99
2023-11-07T21:15:00.000Z,"{'USD': {'volume_24h': 48344245.42759782, 'timestamp': '2023-11-07T21:15:00.000Z'}}",99
2023-11-07T21:20:00.000Z,"{'USD': {'volume_24h': 48306486.308408, 'timestamp': '2023-11-07T21:20:00.000Z'}}",99
2023-11-07T21:25:00.000Z,"{'USD': {'volume_24h': 48211206.68214823, 'timestamp': '2023-11-07T21:25:00.000Z'}}",99
2023-11-07T21:30:00.000Z,"{'USD': {'volume_24h': 48293584.28456313, 'timestamp': '2023-11-07T21:30:00.000Z'}}",99
2023-11-07T21:35:00.000Z,"{'USD': {'volume_24h': 48307777.90967269, 'timestamp': '2023-11-07T21:35:00.000Z'}}",99
2023-11-07T21:40:00.000Z,"{'USD': {'volume_24h': 48310243.73482217, 'timestamp': '2023-11-07T21:40:00.000Z'}}",99
2023-11-07T21:45:00.000Z,"{'USD': {'volume_24h': 48560344.38500509, 'timestamp': '2023-11-07T21:45:00.000Z'}}",99
2023-11-07T21:50:00.000Z,"{'USD': {'volume_24h': 48557789.02462357, 'timestamp': '2023-11-07T21:50:00.000Z'}}",99
2023-11-07T21:55:00.000Z,"{'USD': {'volume_24h': 48562331.79355025, 'timestamp': '2023-11-07T21:55:00.000Z'}}",99
2023-11-07T22:00:00.000Z,"{'USD': {'volume_24h': 48816855.02685533, 'timestamp': '2023-11-07T22:00:00.000Z'}}",99
2023-11-07T22:05:00.000Z,"{'USD': {'volume_24h': 48958990.33898626, 'timestamp': '2023-11-07T22:05:00.000Z'}}",99
2023-11-07T22:10:00.000Z,"{'USD': {'volume_24h': 48911843.67089916, 'timestamp': '2023-11-07T22:10:00.000Z'}}",99
2023-11-07T22:15:00.000Z,"{'USD': {'volume_24h': 48912949.23080186, 'timestamp': '2023-11-07T22:15:00.000Z'}}",99
2023-11-07T22:20:00.000Z,"{'USD': {'volume_24h': 48953876.6392322, 'timestamp': '2023-11-07T22:20:00.000Z'}}",99
2023-11-07T22:25:00.000Z,"{'USD': {'volume_24h': 49052770.58709106, 'timestamp': '2023-11-07T22:25:00.000Z'}}",99
2023-11-07T22:30:00.000Z,"{'USD': {'volume_24h': 49240477.42990687, 'timestamp': '2023-11-07T22:30:00.000Z'}}",99
2023-11-07T22:35:00.000Z,"{'USD': {'volume_24h': 49299779.93126484, 'timestamp': '2023-11-07T22:35:00.000Z'}}",99
2023-11-07T22:40:00.000Z,"{'USD': {'volume_24h': 49245448.48889567, 'timestamp': '2023-11-07T22:40:00.000Z'}}",99
2023-11-07T22:45:00.000Z,"{'USD': {'volume_24h': 49332479.27967099, 'timestamp': '2023-11-07T22:45:00.000Z'}}",99
2023-11-07T22:50:00.000Z,"{'USD': {'volume_24h': 49496778.90548524, 'timestamp': '2023-11-07T22:50:00.000Z'}}",99
2023-11-07T22:55:00.000Z,"{'USD': {'volume_24h': 49524943.26027582, 'timestamp': '2023-11-07T22:55:00.000Z'}}",99
2023-11-07T23:00:00.000Z,"{'USD': {'volume_24h': 49480870.25445168, 'timestamp': '2023-11-07T23:00:00.000Z'}}",99
2023-11-07T23:05:00.000Z,"{'USD': {'volume_24h': 49435302.09800103, 'timestamp': '2023-11-07T23:05:00.000Z'}}",99
2023-11-07T23:10:00.000Z,"{'USD': {'volume_24h': 49483539.70417421, 'timestamp': '2023-11-07T23:10:00.000Z'}}",99
2023-11-07T23:15:00.000Z,"{'USD': {'volume_24h': 49635237.51849413, 'timestamp': '2023-11-07T23:15:00.000Z'}}",99
2023-11-07T23:20:00.000Z,"{'USD': {'volume_24h': 49740131.27474269, 'timestamp': '2023-11-07T23:20:00.000Z'}}",99
2023-11-07T23:25:00.000Z,"{'USD': {'volume_24h': 49704484.85439914, 'timestamp': '2023-11-07T23:25:00.000Z'}}",99
2023-11-07T23:30:00.000Z,"{'USD': {'volume_24h': 49772561.72232879, 'timestamp': '2023-11-07T23:30:00.000Z'}}",99
2023-11-07T23:35:00.000Z,"{'USD': {'volume_24h': 49657857.46289527, 'timestamp': '2023-11-07T23:35:00.000Z'}}",99
2023-11-07T23:40:00.000Z,"{'USD': {'volume_24h': 49570755.33660553, 'timestamp': '2023-11-07T23:40:00.000Z'}}",99
2023-11-07T23:45:00.000Z,"{'USD': {'volume_24h': 49591204.34015133, 'timestamp': '2023-11-07T23:45:00.000Z'}}",99
2023-11-07T23:50:00.000Z,"{'USD': {'volume_24h': 49682461.78178497, 'timestamp': '2023-11-07T23:50:00.000Z'}}",99
2023-11-07T23:55:00.000Z,"{'USD': {'volume_24h': 49907537.06678374, 'timestamp': '2023-11-07T23:55:00.000Z'}}",99
2023-11-08T00:00:00.000Z,"{'USD': {'volume_24h': 50117106.54896536, 'timestamp': '2023-11-08T00:00:00.000Z'}}",99
