id,name,slug,is_active,is_listed,is_redistributable,first_historical_data,last_historical_data
2,WEX,wex,0,0,1,2018-04-26T00:45:00.000Z,2018-12-02T17:40:00.000Z
3,Vircurex,vircurex,0,0,0,2023-11-08T04:00:39.821Z,2023-11-08T04:00:39.841Z
4,BTER,bter,0,0,0,2023-11-08T04:00:40.036Z,2023-11-08T04:00:40.022Z
5,Cryptsy,cryptsy,0,0,0,2023-11-08T04:00:40.231Z,2023-11-08T04:00:40.238Z
6,Coins-E,coins-e,0,0,0,2023-11-08T04:00:39.621Z,2023-11-08T04:00:39.622Z
8,DGEX,dgex,0,0,0,2023-11-08T04:00:40.020Z,2023-11-08T04:00:40.020Z
9,Coined Up,coined-up,0,0,0,2023-11-08T04:00:40.221Z,2023-11-08T04:00:40.220Z
10,MasterXchange,masterxchange,0,0,0,2023-11-08T04:00:40.422Z,2023-11-08T04:00:40.420Z
11,mcxNOW,mcxnow,0,0,0,2023-11-08T04:00:39.820Z,2023-11-08T04:00:39.820Z
12,Atomic Trade,atomic-trade,0,0,0,2023-11-08T04:00:40.021Z,2023-11-08T04:00:40.020Z
13,BtcSet,btcset,0,0,0,2023-11-08T04:00:40.220Z,2023-11-08T04:00:40.221Z
14,BTC38,btc38,0,0,0,2023-11-08T04:00:40.421Z,2023-11-08T04:00:40.421Z
15,CryptoTrade,cryptotrade,0,0,0,2023-11-08T04:00:40.621Z,2023-11-08T04:00:40.621Z
16,Poloniex,poloniex,1,0,1,2018-04-26T00:45:00.000Z,2023-11-08T04:00:00.000Z
18,Yuanbao,yuanbao,0,0,0,2023-11-08T04:00:40.224Z,2023-11-08T04:00:40.220Z
19,MintPal,mintpal,0,0,0,2023-11-08T04:00:40.421Z,2023-11-08T04:00:40.421Z
20,SwissCEX,swisscex,0,0,0,2023-11-08T04:00:40.621Z,2023-11-08T04:00:40.621Z
21,BTCC,btcc,1,0,1,2018-04-26T00:45:00.000Z,2023-11-08T04:00:00.000Z
22,Bittrex Global,bittrex,1,0,1,2018-04-26T00:45:00.000Z,2023-11-08T04:00:00.000Z
23,useCryptos,usecryptos,0,0,0,2023-11-08T04:00:40.822Z,2023-11-08T04:00:40.823Z
24,Kraken,kraken,1,0,1,2018-04-26T00:45:00.000Z,2023-11-08T04:00:00.000Z
25,NXT-E,nxt-e,0,0,0,2023-11-08T04:00:40.220Z,2023-11-08T04:00:40.220Z
26,AllCrypt,allcrypt,0,0,0,2023-11-08T04:00:40.420Z,2023-11-08T04:00:40.421Z
27,Vault of Satoshi,vault-of-satoshi,0,0,0,2023-11-08T04:00:40.620Z,2023-11-08T04:00:40.621Z
28,Comkort,comkort,0,0,0,2023-11-08T04:00:40.822Z,2023-11-08T04:00:40.821Z
29,Prelude,prelude,0,0,0,2023-11-08T04:00:41.022Z,2023-11-08T04:00:41.022Z
30,BTC100,btc100,0,0,0,2023-11-08T04:00:40.420Z,2023-11-08T04:00:40.420Z
31,Coin-Swap,coin-swap,0,0,0,2023-11-08T04:00:40.621Z,2023-11-08T04:00:40.621Z
33,Coinano,coinano,0,0,0,2023-11-08T04:00:41.022Z,2023-11-08T04:00:41.022Z
34,Bittylicious,bittylicious,1,0,0,2018-04-26T00:45:00.000Z,2023-11-08T04:00:00.000Z
35,NIX-E,nix-e,0,0,0,2023-11-08T04:00:41.226Z,2023-11-08T04:00:41.223Z
36,CEX.IO,cex-io,1,0,1,2018-04-26T00:45:00.000Z,2023-11-08T04:00:00.000Z
37,Bitfinex,bitfinex,1,0,1,2018-04-26T00:45:00.000Z,2023-11-08T04:00:00.000Z
38,Nxt Asset Exchange,nxt-asset-exchange,0,0,0,2023-11-08T04:00:40.620Z,2023-11-08T04:00:40.621Z
39,Crypto-Markets,crypto-markets,0,0,0,2023-11-08T04:00:40.822Z,2023-11-08T04:00:40.822Z
40,Melotic,melotic,0,0,0,2023-11-08T04:00:41.022Z,2023-11-08T04:00:41.021Z
41,Kingcoiny,kingcoiny,0,0,0,2023-11-08T04:00:41.222Z,2023-11-08T04:00:41.222Z
42,HitBTC,hitbtc,1,0,1,2018-04-26T00:45:00.000Z,2023-11-08T04:00:00.000Z
43,Mona Tore,mona-tore,0,0,0,2023-11-08T04:00:41.422Z,2023-11-08T04:00:41.422Z
44,Ybex,ybex,0,0,0,2023-11-08T04:00:40.822Z,2023-11-08T04:00:40.821Z
45,X-BT,x-bt,0,0,0,2023-11-08T04:00:41.022Z,2023-11-08T04:00:41.024Z
47,Justcoin,justcoin,0,0,0,2023-11-08T04:00:41.423Z,2023-11-08T04:00:41.422Z
48,Nxt Multigateway,nxt-multigateway,0,0,0,2023-11-08T04:00:41.622Z,2023-11-08T04:00:41.621Z
49,Bitorado,bitorado,0,0,0,2023-11-08T04:00:41.022Z,2023-11-08T04:00:41.020Z
50,EXMO,exmo,1,0,1,2018-04-26T00:45:00.000Z,2023-11-08T04:00:00.000Z
51,Coinbroker,coinbroker,0,0,0,2023-11-08T04:00:41.222Z,2023-11-08T04:00:41.222Z
52,Cryptoine,cryptoine,0,0,0,2023-11-08T04:00:41.421Z,2023-11-08T04:00:41.421Z
53,Cryptonit,cryptonit,0,0,0,2023-11-08T04:00:41.621Z,2023-11-08T04:00:41.622Z
54,Cryptex,cryptex,0,0,0,2023-11-08T04:00:41.823Z,2023-11-08T04:00:41.821Z
55,Counterparty DEX,counterparty-dex,0,0,0,2018-04-26T00:45:00.000Z,2018-05-15T23:05:00.000Z
56,CCEDK,ccedk,0,0,0,2023-11-08T04:00:41.422Z,2023-11-08T04:00:41.421Z
57,BitShares Asset Exchange,bitshares-asset-exchange,0,0,1,2018-04-26T00:45:00.000Z,2020-08-06T23:50:00.000Z
58,Bitcoin UpBit,bitcoin-upbit,0,0,0,2023-11-08T04:00:41.827Z,2023-11-08T04:00:41.823Z
59,Virtex,virtex,0,0,0,2023-11-08T04:00:42.023Z,2023-11-08T04:00:42.023Z
60,Cryptomic,cryptomic,0,0,0,2023-11-08T04:00:41.421Z,2023-11-08T04:00:41.421Z
61,Okcoin,okcoin,1,0,1,2018-04-26T00:45:00.000Z,2023-11-08T04:00:00.000Z
62,Omni DEX,omni-dex,0,0,0,2023-11-08T04:00:41.622Z,2023-11-08T04:00:41.622Z
63,Ask Coin,ask-coin,0,0,0,2023-11-08T04:00:41.823Z,2023-11-08T04:00:41.823Z
64,Yunbi,yunbi,0,0,0,2023-11-08T04:00:42.023Z,2023-11-08T04:00:42.023Z
65,BetaShareX,betasharex,0,0,0,2023-11-08T04:00:42.223Z,2023-11-08T04:00:42.223Z
66,ANXPRO,anxpro,0,0,0,2023-11-08T04:00:41.622Z,2023-11-08T04:00:41.622Z
67,cfinex,cfinex,0,0,1,2018-04-26T00:45:00.000Z,2018-10-23T02:10:00.000Z
68,Indodax,indodax,1,0,1,2018-04-26T00:45:00.000Z,2023-11-08T03:55:00.000Z
69,Excoin,excoin,0,0,0,2023-11-08T04:00:42.023Z,2023-11-08T04:00:42.022Z
70,Bitstamp,bitstamp,1,0,1,2018-04-26T00:45:00.000Z,2023-11-08T04:00:00.000Z
73,Zaif,zaif,1,0,1,2018-04-26T00:45:00.000Z,2023-11-08T04:00:00.000Z
74,BtcTrade,btctrade,0,0,0,2023-11-08T04:00:41.823Z,2023-11-08T04:00:41.822Z
75,EmpoEx,empoex,0,0,0,2023-11-08T04:00:42.023Z,2023-11-08T04:00:42.022Z
76,CoinTrader,cointrader,0,0,0,2023-11-08T04:00:42.222Z,2023-11-08T04:00:42.222Z
78,Cryptobec,cryptobec,0,0,0,2023-11-08T04:00:42.624Z,2023-11-08T04:00:42.623Z
79,Crown-EX,crown-ex,0,0,0,2023-11-08T04:00:42.023Z,2023-11-08T04:00:42.022Z
80,Coinmate,coinmate,1,0,0,2018-04-26T00:45:00.000Z,2023-11-08T03:55:00.000Z
81,NHZ Asset Exchange,nhz-asset-exchange,0,0,0,2023-11-08T04:00:42.222Z,2023-11-08T04:00:42.222Z
82,zondacrypto,zonda,1,0,1,2018-04-26T00:45:00.000Z,2023-11-08T04:00:00.000Z
83,Yacuna,yacuna,0,0,0,2023-11-08T04:00:42.423Z,2023-11-08T04:00:42.421Z
84,BitKonan,bitkonan,0,0,0,2018-04-26T00:45:00.000Z,2018-07-16T23:25:00.000Z
85,BitYes,bityes,0,0,0,2023-11-08T04:00:42.823Z,2023-11-08T04:00:42.823Z
86,CCnex,ccnex,0,0,0,2023-11-08T04:00:42.222Z,2023-11-08T04:00:42.222Z
87,ALTS.Trade,alts-trade,0,0,0,2023-11-08T04:00:42.422Z,2023-11-08T04:00:42.422Z
88,CoinGather,coingather,0,0,0,2023-11-08T04:00:42.623Z,2023-11-08T04:00:42.623Z
89,Coinbase Exchange,coinbase-exchange,1,0,1,2018-04-26T00:45:00.000Z,2023-11-08T04:00:00.000Z
90,Tuminium,tuminium,0,0,0,2023-11-08T04:00:42.823Z,2023-11-08T04:00:42.823Z
91,Cryptorush,cryptorush,0,0,0,2023-11-08T04:00:43.023Z,2023-11-08T04:00:43.023Z
92,Gatecoin,gatecoin,0,0,1,2018-04-26T00:45:00.000Z,2020-04-08T01:30:00.000Z
93,Loyalbit,loyalbit,0,0,0,2023-11-08T04:00:42.622Z,2023-11-08T04:00:42.622Z
94,Coinsetter,coinsetter,0,0,0,2023-11-08T04:00:42.823Z,2023-11-08T04:00:42.823Z
96,Bitonic,bitonic,1,0,1,2018-04-26T00:45:00.000Z,2023-11-08T04:00:00.000Z
97,CAVirtex,cavirtex,0,0,0,2023-11-08T04:00:43.223Z,2023-11-08T04:00:43.224Z
99,Coin.Mx,coin-mx,0,0,0,2023-11-08T04:00:42.824Z,2023-11-08T04:00:42.823Z
100,YoBit,yobit,1,0,1,2018-04-26T00:45:00.000Z,2023-11-08T04:00:00.000Z
101,Jubi,jubi,0,0,0,2023-11-08T04:00:43.024Z,2023-11-08T04:00:43.023Z
102,HTX,htx,1,0,1,2018-04-26T00:45:00.000Z,2023-11-08T04:00:00.000Z
103,Metaexchange,metaexchange,0,0,0,2023-11-08T04:00:43.225Z,2023-11-08T04:00:43.223Z
105,Ex-Crypto,ex-crypto,0,0,0,2023-11-08T04:00:42.823Z,2023-11-08T04:00:42.823Z
106,Coincheck,coincheck,1,0,0,2018-07-12T02:10:00.000Z,2023-11-08T03:55:00.000Z
113,BTCTrader,btctrader,0,0,0,2023-11-08T04:00:43.423Z,2023-11-08T04:00:43.424Z
114,Bitcoins Norway,bitcoins-norway,0,0,0,2023-11-08T04:00:43.627Z,2023-11-08T04:00:43.623Z
115,FlowBTC,flowbtc,0,0,0,2023-11-08T04:00:43.824Z,2023-11-08T04:00:43.824Z
116,meXBT,mexbt,0,0,0,2023-11-08T04:00:43.222Z,2023-11-08T04:00:43.222Z
117,AltoCenter,altocenter,0,0,0,2023-11-08T04:00:43.423Z,2023-11-08T04:00:43.423Z
118,DWVx,dwvx,0,0,0,2023-11-08T04:00:43.624Z,2023-11-08T04:00:43.624Z
119,MonetaGo,monetago,0,0,0,2023-11-08T04:00:43.823Z,2023-11-08T04:00:43.829Z
120,OKCoin.cn,okcoin-cn,0,0,1,2018-04-26T00:45:00.000Z,2018-09-26T15:30:00.000Z
121,SouthXchange,southxchange,1,0,1,2018-04-26T00:45:00.000Z,2023-11-08T03:55:00.000Z
122,LEOxChange,leoxchange,0,0,0,2018-04-26T00:45:00.000Z,2018-10-05T00:35:00.000Z
123,WorldPayEx,worldpayex,0,0,0,2023-11-08T04:00:43.624Z,2023-11-08T04:00:43.623Z
124,LEObit,leobit,0,0,0,2023-11-08T04:00:43.825Z,2023-11-08T04:00:43.823Z
125,Bitso,bitso,1,0,1,2018-04-26T00:45:00.000Z,2023-11-08T04:00:00.000Z
126,Dashcurex,dashcurex,0,0,0,2023-11-08T04:00:44.024Z,2023-11-08T04:00:44.024Z
127,BTCBOX,btcbox,1,0,1,2018-04-26T00:45:00.000Z,2023-11-08T03:55:00.000Z
128,Nxt Monetary System,nxt-monetary-system,0,0,0,2023-11-08T04:00:44.224Z,2023-11-08T04:00:44.223Z
129,ExchangeD.I2P,exchanged-i2p,0,0,0,2023-11-08T04:00:43.623Z,2023-11-08T04:00:43.623Z
130,CleverCoin,clevercoin,0,0,0,2023-11-08T04:00:43.823Z,2023-11-08T04:00:43.823Z
131,247exchange,247exchange,0,0,0,2023-11-08T04:00:44.023Z,2023-11-08T04:00:44.024Z
132,[Deprecated] Alter Dice,alter-dice,0,0,0,2023-11-08T04:00:44.224Z,2023-11-08T04:00:44.224Z
133,bitebi9,bitebi9,0,0,0,2023-11-08T04:00:44.424Z,2023-11-08T04:00:44.424Z
134,1szb,1szb,0,0,0,2023-11-08T04:00:43.823Z,2023-11-08T04:00:43.823Z
135,safecex,safecex,0,0,0,2023-11-08T04:00:44.024Z,2023-11-08T04:00:44.024Z
136,Timekoin Market,timekoin-market,0,0,0,2023-11-08T04:00:44.226Z,2023-11-08T04:00:44.224Z
137,CoinCorner,coincorner,1,0,0,2018-04-26T00:45:00.000Z,2023-11-08T04:00:00.000Z
139,bitFlyer,bitflyer,1,0,0,2018-04-26T00:45:00.000Z,2023-11-08T04:00:00.000Z
140,Bitok,bitok,0,0,0,2023-11-08T04:00:44.624Z,2023-11-08T04:00:44.623Z
141,BloomBit,bloombit,0,0,0,2023-11-08T04:00:44.024Z,2023-11-08T04:00:44.023Z
143,CRIX,crix,0,0,0,2023-11-08T04:00:44.424Z,2023-11-08T04:00:44.427Z
145,CHBTC,chbtc,0,0,0,2023-11-08T04:00:44.823Z,2023-11-08T04:00:44.826Z
148,Ore.Bz,ore-bz,0,0,1,2018-04-26T00:45:00.000Z,2018-07-28T19:50:00.000Z
150,NuLagoon Tube,nulagoon-tube,0,0,0,2023-11-08T04:00:45.024Z,2023-11-08T04:00:45.024Z
151,Gemini,gemini,1,0,1,2018-04-26T00:45:00.000Z,2023-11-08T04:00:00.000Z
153,Chameleon Bit,chameleon-bit,0,0,0,2023-11-08T04:00:44.624Z,2023-11-08T04:00:44.624Z
154,Dex-Trade,dex-trade,1,0,1,2019-10-18T19:45:00.000Z,2023-11-08T04:00:00.000Z
156,Bitmaszyna,bitmaszyna,0,0,1,2018-04-26T00:45:00.000Z,2018-11-08T19:40:00.000Z
157,BitMEX,bitmex,1,0,1,2018-04-26T00:45:00.000Z,2023-11-08T04:00:00.000Z
159,BitBays,bitbays,0,0,0,2023-11-08T04:00:44.623Z,2023-11-08T04:00:44.623Z
160,DABTC,dabtc,0,0,0,2023-11-08T04:00:44.824Z,2023-11-08T04:00:44.839Z
161,ETHEXIndia,ethexindia,0,0,1,2023-11-08T04:00:45.024Z,2023-11-08T04:00:45.024Z
162,E-DINAR,e-dinar,0,0,0,2023-11-08T04:00:45.224Z,2023-11-08T04:00:45.224Z
163,Qryptos,qryptos,0,0,1,2018-04-26T00:45:00.000Z,2018-09-05T19:20:00.000Z
164,Touzibi,touzibi,0,0,0,2023-11-08T04:00:44.826Z,2023-11-08T04:00:44.823Z
165,Swis Exchange,swis-exchange,0,0,0,2023-11-08T04:00:45.024Z,2023-11-08T04:00:45.035Z
166,Independent Reserve,independent-reserve,1,0,1,2018-04-26T00:45:00.000Z,2023-11-08T04:00:00.000Z
167,Cryptonarium,cryptonarium,0,0,0,2023-11-08T04:00:45.224Z,2023-11-08T04:00:45.225Z
168,Steem Internal Market,steem-internal-market,0,0,0,2023-11-08T04:00:45.424Z,2023-11-08T04:00:45.424Z
169,HaoBTC,haobtc,0,0,0,2023-11-08T04:00:45.625Z,2023-11-08T04:00:45.625Z
170,ABwang,abwang,0,0,0,2023-11-08T04:00:45.024Z,2023-11-08T04:00:45.024Z
171,Luno,luno,1,0,1,2018-04-26T00:45:00.000Z,2023-11-08T04:00:00.000Z
172,King Coin,king-coin,0,0,0,2023-11-08T04:00:45.224Z,2023-11-08T04:00:45.225Z
173,RAWX,rawx,0,0,0,2023-11-08T04:00:45.424Z,2023-11-08T04:00:45.424Z
174,Coinone,coinone,1,0,1,2018-04-26T00:45:00.000Z,2023-11-08T04:00:00.000Z
175,CryptoRex,cryptorex,0,0,0,2023-11-08T04:00:45.626Z,2023-11-08T04:00:45.624Z
176,xBTCe,xbtce,0,0,1,2018-04-26T00:45:00.000Z,2018-10-11T03:25:00.000Z
178,DCExchange,dcexchange,0,0,0,2023-11-08T04:00:45.424Z,2023-11-08T04:00:45.424Z
179,ALTEX,altex,0,0,0,2023-11-08T04:00:45.625Z,2023-11-08T04:00:45.624Z
180,SpaceBTC,spacebtc,0,0,0,2023-11-08T04:00:45.824Z,2023-11-08T04:00:45.825Z
181,Bitport,bitport,0,0,0,2023-11-08T04:00:46.026Z,2023-11-08T04:00:46.024Z
182,RCExchanger,rcexchanger,0,0,0,2023-11-08T04:00:45.424Z,2023-11-08T04:00:45.424Z
183,Liqui,liqui,0,0,1,2018-04-26T00:45:00.000Z,2020-04-08T01:05:00.000Z
184,MaskExchange,maskexchange,0,0,0,2023-11-08T04:00:45.825Z,2023-11-08T04:00:45.825Z
186,BeiBT,beibt,0,0,0,2023-11-08T04:00:46.225Z,2023-11-08T04:00:46.224Z
187,BTC-X,btc-x,0,0,0,2023-11-08T04:00:45.624Z,2023-11-08T04:00:45.624Z
188,EtherDelta,etherdelta,0,0,0,2018-04-27T19:35:00.000Z,2018-04-28T03:10:00.000Z
189,Yocoin Exchange,yocoin-exchange,0,0,0,2023-11-08T04:00:46.025Z,2023-11-08T04:00:46.024Z
190,Crypto-Trade,crypto-trade,0,0,0,2023-11-08T04:00:46.225Z,2023-11-08T04:00:46.224Z
192,Mega Crypton,mega-crypton,0,0,0,2023-11-08T04:00:45.825Z,2023-11-08T04:00:45.826Z
194,Korbit,korbit,1,0,1,2018-04-26T00:45:00.000Z,2023-11-08T04:00:00.000Z
195,Doufex,doufex,0,0,0,2023-11-08T04:00:46.224Z,2023-11-08T04:00:46.225Z
197,Taobizu,taobizu,0,0,0,2023-11-08T04:00:46.625Z,2023-11-08T04:00:46.625Z
198,btw18.com,btw18,0,0,0,2023-11-08T04:00:46.024Z,2023-11-08T04:00:46.024Z
199,DC-Ex,dc-ex,0,0,1,2018-04-26T00:45:00.000Z,2018-05-31T00:55:00.000Z
200,Bithumb,bithumb,1,0,1,2018-04-26T00:45:00.000Z,2023-11-08T04:00:00.000Z
201,Lykke Exchange,lykke-exchange,1,0,1,2018-04-26T00:45:00.000Z,2023-11-08T04:00:00.000Z
203,BTCXIndia,btcxindia,0,0,1,2023-11-08T04:00:46.626Z,2023-11-08T04:00:46.626Z
204,Cryptox,cryptox,0,0,1,2018-04-26T00:45:00.000Z,2018-07-16T23:25:00.000Z
205,MiteFX,mitefx,0,0,0,2023-11-08T04:00:46.225Z,2023-11-08T04:00:46.225Z
208,Virtualworldland,virtualworldland,0,0,0,2023-11-08T04:00:46.826Z,2023-11-08T04:00:46.825Z
209,Kuna,kuna,1,0,0,2018-04-26T00:45:00.000Z,2023-11-08T03:55:00.000Z
210,Bitsane,bitsane,0,0,1,2018-04-26T00:45:00.000Z,2019-08-02T15:30:00.000Z
211,Fargobase,fargobase,0,0,0,2018-04-26T00:45:00.000Z,2018-07-27T19:50:00.000Z
212,BCC Exchange,bcc-exchange,0,0,0,2023-11-08T04:00:46.624Z,2023-11-08T04:00:46.624Z
213,Mercatox,mercatox,1,0,1,2018-04-26T00:45:00.000Z,2023-11-08T04:00:00.000Z
214,19800,19800,0,0,0,2023-11-08T04:00:46.825Z,2023-11-08T04:00:46.827Z
215,P2B,p2b,1,0,1,2018-10-26T21:30:00.000Z,2023-11-08T04:00:00.000Z
216,Maker Market,maker-market,0,0,0,2023-11-08T04:00:47.025Z,2023-11-08T04:00:47.028Z
217,USD X,usd-x,0,0,0,2023-11-08T04:00:47.232Z,2023-11-08T04:00:47.228Z
218,CryptoDerivatives,cryptoderivatives,0,0,0,2023-11-08T04:00:46.625Z,2023-11-08T04:00:46.626Z
219,Tidex,tidex,1,0,1,2018-04-26T00:45:00.000Z,2023-11-08T04:00:00.000Z
220,CryptXC,cryptxc,0,0,0,2023-11-08T04:00:46.825Z,2023-11-08T04:00:46.825Z
221,Heat Wallet,heat-wallet,0,0,1,2018-04-26T00:45:00.000Z,2022-10-21T09:10:00.000Z
222,Burst Asset Exchange,burst-asset-exchange,0,0,0,2023-11-08T04:00:47.226Z,2023-11-08T04:00:47.226Z
223,FreiExchange,freiexchange,1,0,1,2018-04-26T00:45:00.000Z,2023-11-08T04:00:00.000Z
224,BTC Markets,btc-markets,1,0,0,2018-04-26T00:45:00.000Z,2023-11-08T04:00:00.000Z
225,Paribu,paribu,1,0,1,2018-04-26T00:45:00.000Z,2023-11-08T04:00:00.000Z
226,ExcambrioRex,excambriorex,0,0,0,2018-04-26T00:45:00.000Z,2018-10-05T01:30:00.000Z
227,PRCoin Exchange,prcoin-exchange,0,0,0,2023-11-08T04:00:46.825Z,2023-11-08T04:00:46.825Z
228,BTC-Alpha,btc-alpha,1,0,1,2018-04-26T00:45:00.000Z,2023-11-08T04:00:00.000Z
229,BFExchange,bfexchange,0,0,0,2023-11-08T04:00:47.025Z,2023-11-08T04:00:47.025Z
230,POSWallet,poswallet,0,0,0,2023-11-08T04:00:47.226Z,2023-11-08T04:00:47.226Z
231,EasyCoin,easycoin,0,0,0,2023-11-08T04:00:47.427Z,2023-11-08T04:00:47.427Z
233,TCC Exchange,tcc-exchange,0,0,0,2018-04-26T00:45:00.000Z,2018-07-25T04:15:00.000Z
234,RippleFox,ripplefox,0,0,1,2018-04-26T00:45:00.000Z,2022-10-21T09:10:00.000Z
236,Tokyo JPY,tokyo-jpy,0,0,0,2023-11-08T04:00:47.626Z,2023-11-08T04:00:47.627Z
237,Mr. Exchange,mr-exchange,0,0,0,2018-04-26T00:45:00.000Z,2018-07-30T19:10:00.000Z
239,Exrp,exrp,0,0,0,2023-11-08T04:00:47.426Z,2023-11-08T04:00:47.426Z
240,Rippex,rippex,0,0,0,2023-11-08T04:00:47.626Z,2023-11-08T04:00:47.626Z
241,Crypto Dao,crypto-dao,0,0,0,2023-11-08T04:00:47.826Z,2023-11-08T04:00:47.826Z
243,BtcTurk | Kripto,btcturk-pro,1,0,0,2018-04-26T00:45:00.000Z,2023-11-08T03:55:00.000Z
244,BitGrail,bitgrail,0,0,0,2023-11-08T04:00:47.426Z,2023-11-08T04:00:47.425Z
246,WX Network,waves-exchange,1,0,1,2018-04-26T00:45:00.000Z,2023-11-08T04:00:00.000Z
247,CoinsMarkets,coinsmarkets,0,0,0,2023-11-08T04:00:47.828Z,2023-11-08T04:00:47.827Z
248,Koinim,koinim,1,0,1,2018-04-26T00:45:00.000Z,2023-11-08T03:55:00.000Z
249,StellarTerm,stellar-decentralized-exchange,1,0,1,2018-04-26T00:45:00.000Z,2023-11-08T04:00:00.000Z
250,Buda,buda,1,0,1,2018-04-26T00:45:00.000Z,2023-11-08T03:55:00.000Z
251,BitChein,bitchein,0,0,0,2023-11-08T04:00:48.026Z,2023-11-08T04:00:48.028Z
252,BTC Trade UA,btc-trade-ua,1,0,1,2018-04-26T00:45:00.000Z,2023-11-08T03:55:00.000Z
253,LocalTrade,localtrade,1,0,1,2018-04-26T00:45:00.000Z,2023-11-08T04:00:00.000Z
255,CoinVC,coinvc,0,0,0,2023-11-08T04:00:47.626Z,2023-11-08T04:00:47.625Z
256,Bitcoin Growth Fund Exchange,bitcoin-growth-fund-exchange,0,0,0,2023-11-08T04:00:47.831Z,2023-11-08T04:00:47.826Z
257,Bitbank,bitbank,1,0,0,2018-04-26T00:45:00.000Z,2023-11-08T04:00:00.000Z
258,Mercado Bitcoin,mercado-bitcoin,1,0,1,2018-04-26T00:45:00.000Z,2023-11-08T04:00:00.000Z
259,Decentrex,decentrex,0,0,0,2023-11-08T04:00:48.026Z,2023-11-08T04:00:48.026Z
260,VirtacoinWorld,virtacoinworld,0,0,0,2023-11-08T04:00:48.226Z,2023-11-08T04:00:48.226Z
261,Altcoin Trader,altcoin-trader,1,0,0,2018-04-26T00:45:00.000Z,2023-11-08T04:00:00.000Z
262,SZZC,szzc,0,0,0,2023-11-08T04:00:48.427Z,2023-11-08T04:00:48.426Z
263,Dgtmarket,dgtmarket,0,0,0,2018-04-26T00:45:00.000Z,2018-10-05T01:55:00.000Z
264,Nevbit,nevbit,0,0,0,2023-11-08T04:00:48.026Z,2023-11-08T04:00:48.026Z
266,BitFish,bitfish,0,0,0,2023-11-08T04:00:48.427Z,2023-11-08T04:00:48.427Z
267,Bancor Network,bancor-network,1,0,1,2018-04-26T00:45:00.000Z,2023-11-08T04:00:00.000Z
268,IOTA Exchange,iota-exchange,0,0,0,2023-11-08T04:00:48.627Z,2023-11-08T04:00:48.628Z
269,Biduobao,biduobao,0,0,0,2023-11-08T04:00:48.026Z,2023-11-08T04:00:48.025Z
270,Binance,binance,1,0,1,2018-04-26T00:45:00.000Z,2023-11-08T04:00:00.000Z
271,ViaBTC,viabtc,0,0,0,2023-11-08T04:00:48.227Z,2023-11-08T04:00:48.226Z
272,BTC9,btc9,0,0,0,2023-11-08T04:00:48.426Z,2023-11-08T04:00:48.434Z
273,Reserved,Reserved1,0,0,0,2023-11-08T04:00:48.626Z,2023-11-08T04:00:48.628Z
274,Yobtc,yobtc,0,0,0,2023-11-08T04:00:48.826Z,2023-11-08T04:00:48.827Z
275,Bit520,bit520,0,0,0,2023-11-08T04:00:48.226Z,2023-11-08T04:00:48.225Z
276,b8wang,b8wang,0,0,0,2023-11-08T04:00:48.426Z,2023-11-08T04:00:48.427Z
280,Tidebit,tidebit,1,0,1,2018-04-26T00:45:00.000Z,2023-11-08T04:00:00.000Z
281,Lhang,lhang,0,0,0,2023-11-08T04:00:48.425Z,2023-11-08T04:00:48.437Z
282,51szzc,51szzc,0,0,0,2023-11-08T04:00:48.626Z,2023-11-08T04:00:48.629Z
284,OK-BIT,ok-bit,0,0,0,2023-11-08T04:00:49.027Z,2023-11-08T04:00:49.026Z
285,reserved,reserved,0,0,0,2023-11-08T04:00:49.227Z,2023-11-08T04:00:49.228Z
287,B.top,b-top,0,0,0,2023-11-08T04:00:48.826Z,2023-11-08T04:00:48.826Z
291,GetBTC,getbtc,0,0,0,2023-11-08T04:00:48.826Z,2023-11-08T04:00:48.826Z
294,OKX,okx,1,0,1,2018-04-26T00:45:00.000Z,2023-11-08T04:00:00.000Z
295,BitStar,bitstar,0,0,0,2023-11-08T04:00:49.427Z,2023-11-08T04:00:49.428Z
296,Bitzure,bitzure,0,0,0,2023-11-08T04:00:49.629Z,2023-11-08T04:00:49.627Z
297,Btc018,btc018,0,0,0,2023-11-08T04:00:49.026Z,2023-11-08T04:00:49.031Z
299,reserved,RESERVED2,0,0,0,2023-11-08T04:00:49.426Z,2023-11-08T04:00:49.426Z
301,Fisco,fisco,0,0,1,2018-04-26T00:45:00.000Z,2020-06-14T05:35:00.000Z
302,Gate.io,gate-io,1,0,1,2018-04-26T00:45:00.000Z,2023-11-08T04:00:00.000Z
305,BITHOLIC,bitholic,0,0,0,2023-11-08T04:00:49.628Z,2023-11-08T04:00:49.628Z
306,Hypex,hypex,0,0,0,2023-11-08T04:00:49.836Z,2023-11-08T04:00:49.828Z
308,BitFlip,bitflip,0,0,1,2018-04-26T00:45:00.000Z,2019-02-08T18:30:00.000Z
310,IDEX,idex,1,0,1,2018-04-26T00:45:00.000Z,2023-11-08T04:00:00.000Z
311,KuCoin,kucoin,1,0,1,2018-04-26T00:45:00.000Z,2023-11-08T04:00:00.000Z
313,Abucoins,abucoins,0,0,1,2018-04-26T00:45:00.000Z,2018-06-01T22:25:00.000Z
316,BitcoinTrade,bitcointrade,1,0,0,2018-04-26T00:45:00.000Z,2023-11-08T04:00:00.000Z
318,BitBase,bitbase,0,0,0,2023-11-08T04:00:50.027Z,2023-11-08T04:00:50.026Z
319,AEX,aex,1,0,0,2021-03-04T09:20:00.000Z,2023-11-08T04:00:00.000Z
321,Coinut,coinut,1,0,1,2018-04-26T00:45:00.000Z,2023-11-08T04:00:00.000Z
325,Satang Pro,satang-pro,1,0,1,2018-04-26T00:45:00.000Z,2023-11-08T04:00:00.000Z
329,CoolCoin,coolcoin,0,0,0,2023-11-08T04:00:50.028Z,2023-11-08T04:00:50.026Z
330,BigONE,bigone,1,0,1,2018-04-26T00:45:00.000Z,2023-11-08T04:00:00.000Z
332,Coinrail,coinrail,0,0,1,2018-04-26T00:45:00.000Z,2019-06-01T03:05:00.000Z
333,LBank,lbank,1,0,1,2018-04-26T00:45:00.000Z,2023-11-08T04:00:00.000Z
335,GOPAX,gopax,1,0,1,2018-04-26T00:45:00.000Z,2023-11-08T04:00:00.000Z
337,BtcTrade.im,btctrade-im,0,0,0,2018-04-26T00:45:00.000Z,2020-07-09T02:20:00.000Z
338,Coinsecure,coinsecure,0,0,0,2023-11-08T04:00:50.426Z,2023-11-08T04:00:50.427Z
339,Bibox,bibox,1,0,1,2018-04-26T00:45:00.000Z,2023-11-08T04:00:00.000Z
342,Bitstrades,bitstrades,0,0,0,2023-11-08T04:00:51.028Z,2023-11-08T04:00:51.027Z
345,Farst Network,farst-network,0,0,0,2023-11-08T04:00:50.827Z,2023-11-08T04:00:50.827Z
349,Coinhouse,coinhouse,0,0,0,2018-04-26T00:45:00.000Z,2018-05-09T18:30:00.000Z
350,CoinEx,coinex,1,0,1,2018-04-26T00:45:00.000Z,2023-11-08T04:00:00.000Z
351,Upbit,upbit,1,0,1,2018-04-26T00:45:00.000Z,2023-11-08T04:00:00.000Z
354,TradeOgre,tradeogre,1,0,1,2018-04-26T00:45:00.000Z,2023-11-08T04:00:00.000Z
356,Coinlink,coinlink,0,0,0,2018-04-26T00:45:00.000Z,2018-07-08T17:15:00.000Z
360,C-Patex,c-patex,1,0,1,2018-04-26T00:45:00.000Z,2023-11-08T03:55:00.000Z
363,Fatbtc,fatbtc,1,0,1,2018-04-26T00:45:00.000Z,2023-11-08T04:00:00.000Z
364,Paymium,paymium,1,0,1,2018-04-26T00:45:00.000Z,2023-11-08T04:00:00.000Z
365,Stronghold,stronghold,0,0,1,2018-04-26T00:45:00.000Z,2019-05-11T03:10:00.000Z
366,Cryptohub,cryptohub,0,0,0,2018-04-26T00:45:00.000Z,2018-10-16T20:20:00.000Z
369,RuDEX,rudex,1,0,1,2018-04-26T00:45:00.000Z,2023-11-08T04:00:00.000Z
370,ZebPay,zebpay,1,0,1,2018-04-26T00:45:00.000Z,2023-11-08T04:00:00.000Z
376,Bitbns,bitbns,1,0,1,2018-04-26T00:45:00.000Z,2023-11-08T04:00:00.000Z
378,Unocoin,unocoin,1,0,0,2018-04-26T00:45:00.000Z,2023-11-08T04:00:00.000Z
379,[DEPRECATED] Paradex,paradex,0,0,1,2018-04-26T00:45:00.000Z,2018-07-31T01:50:00.000Z
380,LATOKEN,latoken,1,0,1,2018-04-26T00:45:00.000Z,2023-11-08T04:00:00.000Z
381,Lendconnect,lendconnect,0,0,0,2023-11-08T04:00:51.828Z,2023-11-08T04:00:51.831Z
384,Bithesap,bithesap,0,0,1,2018-04-26T00:45:00.000Z,2022-10-21T09:10:00.000Z
385,Cryptonex,cryptonex,1,0,1,2018-04-26T00:45:00.000Z,2023-11-08T04:00:00.000Z
387,Octaex,octaex,0,0,1,2018-04-26T00:45:00.000Z,2018-07-14T04:00:00.000Z
389,Omicrex,omicrex,0,0,1,2018-04-26T00:45:00.000Z,2018-07-08T17:15:00.000Z
390,Orionx,orionx,0,0,1,2018-04-26T00:45:00.000Z,2018-07-08T17:15:00.000Z
391,CoinTiger,cointiger,1,0,1,2018-04-26T00:45:00.000Z,2023-11-08T04:00:00.000Z
393,BuyBitcoin,buybitcoin,0,0,1,2018-04-26T00:45:00.000Z,2018-05-07T19:25:00.000Z
395,CEO Exchange,ceo,0,0,0,2023-11-08T04:00:52.628Z,2023-11-08T04:00:52.628Z
396,CEX,cex,0,0,0,2018-05-01T19:55:00.000Z,2018-05-03T03:55:00.000Z
397,CoinEx Market,coinexmarket,0,0,0,2018-04-26T00:45:00.000Z,2018-09-17T18:40:00.000Z
399,(deprecated) fex,fexpro,0,0,1,2018-04-26T00:45:00.000Z,2018-10-02T15:40:00.000Z
403,BitForex,bitforex,1,0,1,2018-04-30T16:05:00.000Z,2023-11-08T04:00:00.000Z
406,BitMart,bitmart,1,0,1,2018-06-01T16:20:00.000Z,2023-11-08T04:00:00.000Z
407,DigiFinex,digifinex,1,0,1,2018-06-11T21:45:00.000Z,2023-11-08T04:00:00.000Z
408,HADAX,hadax,0,0,1,2018-06-11T21:50:00.000Z,2018-12-20T20:20:00.000Z
411,Tokenomy,tokenomy,0,0,1,2018-07-08T17:25:00.000Z,2022-10-21T09:10:00.000Z
414,Huobi (HBUS),huobi-hbus,0,0,1,2018-08-20T22:45:00.000Z,2020-03-07T03:25:00.000Z
415,Bilaxy,bilaxy,1,0,1,2018-08-06T20:25:00.000Z,2023-11-08T04:00:00.000Z
419,Graviex,graviex,1,0,1,2018-08-07T22:50:00.000Z,2023-11-08T04:00:00.000Z
422,ABCC,abcc,1,0,1,2018-08-21T01:10:00.000Z,2023-11-08T04:00:00.000Z
425,WazirX,wazirx,1,0,1,2018-09-14T03:30:00.000Z,2023-11-08T04:00:00.000Z
431,JEX,jex,0,0,1,2018-10-02T20:25:00.000Z,2018-11-13T02:10:00.000Z
433,Bitrue,bitrue,1,0,1,2018-10-02T20:25:00.000Z,2023-11-08T04:00:00.000Z
434,YunEx,yunex,0,0,1,2018-10-02T20:25:00.000Z,2022-10-21T09:10:00.000Z
435,Bytex,bytex,0,0,1,2018-10-02T20:25:00.000Z,2019-05-25T03:05:00.000Z
436,Bitkub,bitkub,1,0,1,2018-10-16T21:00:00.000Z,2023-11-08T04:00:00.000Z
440,Cryptology,cryptology,1,0,1,2018-10-23T00:15:00.000Z,2023-11-08T04:00:00.000Z
443,GDAC,gdac,1,0,1,2018-10-30T00:45:00.000Z,2023-11-08T04:00:00.000Z
444,BitKop,bitkop,0,0,0,2023-11-08T04:00:53.829Z,2023-11-08T04:00:53.829Z
445,Bitibu,bitibu,0,0,1,2018-10-24T19:35:00.000Z,2019-09-28T03:15:00.000Z
447,Vertpig,vertpig,0,0,1,2023-11-08T04:00:53.630Z,2023-11-08T04:00:53.628Z
453,AscendEX (BitMax),ascendex,1,0,1,2018-12-10T23:30:00.000Z,2023-11-08T04:00:00.000Z
460,Coinsbit,coinsbit,1,0,1,2019-02-05T17:50:00.000Z,2023-11-08T04:00:00.000Z
466,CoinPark,coinpark,0,0,0,2023-11-08T04:00:54.629Z,2023-11-08T04:00:54.629Z
468,OceanEx,oceanex,1,0,1,2019-02-21T17:15:00.000Z,2023-11-08T04:00:00.000Z
471,Binance Jersey,binance-jersey,0,0,1,2019-04-02T04:00:00.000Z,2020-11-25T10:00:00.000Z
472,Binance Uganda,binance-uganda,0,0,0,2019-04-02T03:55:00.000Z,2020-07-09T02:20:00.000Z
477,ProBit Global,probit-exchange,1,0,1,2019-04-02T04:30:00.000Z,2023-11-08T03:55:00.000Z
479,Dcoin,dcoin,1,0,1,2019-04-09T18:50:00.000Z,2023-11-08T04:00:00.000Z
480,Cat.Ex,catex,1,0,1,2019-04-09T18:45:00.000Z,2023-11-08T04:00:00.000Z
481,Alterdice,alterdice,1,0,1,2019-04-24T20:00:00.000Z,2023-11-08T04:00:00.000Z
483,Hanbitco,hanbitco,1,0,1,2019-05-17T20:05:00.000Z,2023-11-08T04:00:00.000Z
487,VinDAX,vindax,1,0,1,2019-07-09T22:30:00.000Z,2023-11-08T04:00:00.000Z
488,Coinmetro,coinmetro,1,0,1,2019-07-30T20:35:00.000Z,2023-11-08T04:00:00.000Z
491,SafeTrade,safetrade,1,0,1,2021-06-09T15:10:00.000Z,2023-11-08T04:00:00.000Z
492,VELIC,velic,0,0,1,2019-08-01T22:50:00.000Z,2022-10-21T09:10:00.000Z
498,Polyx,polyx,1,0,1,2019-10-10T21:00:00.000Z,2023-11-08T04:00:00.000Z
500,Tokenize Xchange,tokenize-xchange,1,0,1,2020-09-14T21:40:00.000Z,2023-11-08T04:00:00.000Z
501,WhiteBIT,whitebit,1,0,1,2019-08-06T01:20:00.000Z,2023-11-08T04:00:00.000Z
503,Birake Network,birake-network,1,0,1,2019-10-10T21:05:00.000Z,2023-11-08T04:00:00.000Z
513,Bitget,bitget,1,0,1,2020-10-12T12:10:00.000Z,2023-11-08T04:00:00.000Z
514,Finexbox,finexbox,1,0,1,2020-01-30T21:40:00.000Z,2023-11-08T04:00:00.000Z
516,dYdX,dydx,1,0,1,2020-02-26T22:25:00.000Z,2023-11-08T04:00:00.000Z
517,CoinW,coinw,1,0,0,2021-06-20T08:35:00.000Z,2023-11-08T04:00:00.000Z
520,Bitvavo,bitvavo,1,0,1,2019-09-24T23:45:00.000Z,2023-11-08T04:00:00.000Z
521,Bybit,bybit,1,0,1,2020-02-24T03:30:00.000Z,2023-11-08T04:00:00.000Z
522,Deribit,deribit,1,0,1,2020-02-24T03:35:00.000Z,2023-11-08T04:00:00.000Z
525,XT.COM,xt,1,0,1,2020-11-04T04:20:00.000Z,2023-11-08T04:00:00.000Z
535,ExMarkets,exmarkets,1,0,1,2019-10-24T22:40:00.000Z,2023-11-08T04:00:00.000Z
536,Shortex,shortex,0,0,1,2019-10-18T20:00:00.000Z,2020-10-27T15:55:00.000Z
538,CoinFLEX,coinflex,1,0,1,2020-02-03T16:25:00.000Z,2023-11-08T04:00:00.000Z
544,MEXC,mexc,1,0,1,2019-08-21T01:20:00.000Z,2023-11-08T04:00:00.000Z
549,CITEX,citex,1,0,1,2020-04-07T15:50:00.000Z,2023-11-08T04:00:00.000Z
561,PayBito,paybito,1,0,1,2019-09-24T23:40:00.000Z,2023-11-08T03:55:00.000Z
564,SecondBTC,secondbtc,1,0,1,2020-09-14T01:55:00.000Z,2023-11-08T04:00:00.000Z
567,Remitano,remitano,1,0,0,2022-12-14T12:35:00.000Z,2023-11-08T04:00:00.000Z
583,BaseFEX,basefex,1,0,1,2020-02-24T03:20:00.000Z,2023-11-08T04:00:00.000Z
585,BitStorage,bitstorage,1,0,1,2020-01-03T01:20:00.000Z,2023-11-08T04:00:00.000Z
587,IndoEx,indoex,1,0,1,2020-02-14T19:05:00.000Z,2023-11-08T04:00:00.000Z
594,Bitci TR,bitci,1,0,1,2019-10-18T23:45:00.000Z,2023-11-08T04:00:00.000Z
597,One Trading,one-trading,1,0,1,2019-10-18T19:05:00.000Z,2023-11-08T04:00:00.000Z
599,BankCEX,bankcex,1,0,1,2020-12-17T03:20:00.000Z,2023-11-08T04:00:00.000Z
603,50x,50x,1,0,1,2020-03-04T21:05:00.000Z,2023-11-08T04:00:00.000Z
605,Blocktrade,blocktrade,1,0,0,2022-03-11T13:50:00.000Z,2023-11-08T04:00:00.000Z
621,WhaleEx,whaleex,0,0,0,2023-11-08T04:00:59.357Z,2023-11-08T04:00:59.357Z
622,NovaDAX,novadax,1,0,1,2020-01-31T18:45:00.000Z,2023-11-08T04:00:00.000Z
625,qTrade,qtrade,0,0,1,2020-09-14T21:05:00.000Z,2023-05-08T22:50:00.000Z
630,Binance.US,binance-us,1,0,1,2019-10-09T17:10:00.000Z,2023-11-08T03:55:00.000Z
636,Bitsten,bitsten,1,0,1,2020-07-18T03:40:00.000Z,2023-11-08T04:00:00.000Z
642,The PIT,the-pit,0,0,0,2023-11-08T04:01:00.558Z,2023-11-08T04:01:00.558Z
644,FOBLGATE,foblgate,1,0,1,2020-04-10T03:30:00.000Z,2023-11-08T04:00:00.000Z
653,BITEXLIVE,bitexlive,1,0,1,2020-03-11T00:05:00.000Z,2023-11-08T04:00:00.000Z
655,TimeX,timex,1,0,1,2020-04-13T23:55:00.000Z,2023-11-08T04:00:00.000Z
657,CoinJar,coinjar,1,0,1,2019-10-24T22:50:00.000Z,2023-11-08T04:00:00.000Z
658,BTSE,btse,1,0,1,2020-02-19T20:45:00.000Z,2023-11-08T04:00:00.000Z
659,BTCNIA,btcnia,0,0,0,2023-11-08T04:01:00.558Z,2023-11-08T04:01:00.557Z
661,SEEDDEX,seeddex,0,0,0,2023-11-08T04:01:00.965Z,2023-11-08T04:01:00.958Z
679,INCX,incx,0,0,0,2023-11-08T04:01:01.360Z,2023-11-08T04:01:01.358Z
680,Century Exchange,century-exchange,0,0,0,2023-11-08T04:01:01.558Z,2023-11-08T04:01:01.558Z
699,Currency.com,currency-com,1,0,1,2020-01-23T01:15:00.000Z,2023-11-08T04:00:00.000Z
705,Delta Exchange,delta-exchange,1,0,1,2020-12-20T11:10:00.000Z,2023-11-08T04:00:00.000Z
710,Tokocrypto,tokocrypto,1,0,1,2020-05-12T21:40:00.000Z,2023-11-08T04:00:00.000Z
715,PrixBit,prixbit,0,0,0,2023-11-08T04:01:03.160Z,2023-11-08T04:01:03.160Z
717,BitoPro,bitopro,1,0,1,2020-07-29T21:35:00.000Z,2023-11-08T04:00:00.000Z
723,Reku,rekeningku-com,1,0,1,2020-05-12T21:40:00.000Z,2023-11-08T04:00:00.000Z
731,Emirex,emirex,1,0,1,2020-09-09T07:45:00.000Z,2023-11-08T03:55:00.000Z
738,BTX Pro,btx-pro,1,0,0,2020-09-08T00:10:00.000Z,2023-11-08T04:00:00.000Z
741,ACE,ace,1,0,1,2021-01-13T21:45:00.000Z,2023-11-08T04:00:00.000Z
756,ViteX,vitex,1,0,1,2019-10-24T22:50:00.000Z,2023-11-08T04:00:00.000Z
785,Pickcoin.pro,pickcoin-pro,0,0,0,2023-11-08T04:01:05.560Z,2023-11-08T04:01:05.561Z
790,Pionex,pionex,1,0,1,2021-06-01T14:25:00.000Z,2023-11-08T04:00:00.000Z
795,HashKey Exchange,hashkey-exchange,1,0,0,2023-08-23T13:00:00.000Z,2023-11-08T04:00:00.000Z
802,digitalexchange.id,digitalexchange-id,1,0,1,2020-08-25T00:20:00.000Z,2023-11-08T04:00:00.000Z
826,BCEX Korea,bcex-korea,1,0,0,2023-03-29T04:40:00.000Z,2023-11-08T04:00:00.000Z
834,Nominex,nominex,1,0,1,2020-05-16T02:50:00.000Z,2023-11-08T04:00:00.000Z
843,BitHash,bithash,1,0,1,2022-06-20T10:50:00.000Z,2023-11-08T04:00:00.000Z
844,NiceHash,nicehash,1,0,0,2020-11-01T09:05:00.000Z,2023-11-08T04:00:00.000Z
856,Tokenlon,tokenlon,1,0,1,2020-07-30T09:20:00.000Z,2023-11-08T04:00:00.000Z
857,FMFW.io,bitcoin-com-exchange,1,0,1,2020-03-04T21:50:00.000Z,2023-11-08T03:55:00.000Z
859,Ganza Exchange,ganza-exchange,0,0,0,2023-11-08T04:01:08.162Z,2023-11-08T04:01:08.161Z
863,StakeCube,stakecube,1,0,1,2020-11-10T23:25:00.000Z,2023-11-08T04:00:00.000Z
867,Qmall Exchange,qmall,1,0,0,2023-02-05T08:20:00.000Z,2023-11-08T04:00:00.000Z
868,MAX Exchange,max-exchange,1,0,1,2020-07-14T00:55:00.000Z,2023-11-08T04:00:00.000Z
873,MyBitExa,mybitexa,0,0,0,2023-11-08T04:01:08.762Z,2023-11-08T04:01:08.764Z
890,Bitay,bitay,1,0,1,2020-05-28T08:05:00.000Z,2023-11-08T04:00:00.000Z
908,VALR,valr,1,0,1,2020-05-28T08:05:00.000Z,2023-11-08T04:00:00.000Z
922,StormGain,stormgain,1,0,1,2020-03-05T01:15:00.000Z,2023-11-08T04:00:00.000Z
925,Namebase,namebase,1,0,1,2020-03-06T21:50:00.000Z,2023-11-08T04:00:00.000Z
937,Biconomy Exchange,biconomy,1,0,0,2020-10-12T12:25:00.000Z,2023-11-08T04:00:00.000Z
943,Hotcoin Global,hotcoin-global,1,0,1,2020-11-22T13:25:00.000Z,2023-11-08T04:00:00.000Z
945,SWFT Trade,swft-octopus-trade,1,0,0,2022-06-28T04:40:00.000Z,2023-11-08T04:00:00.000Z
949,CoinDCX,coindcx,1,0,1,2020-04-07T15:45:00.000Z,2023-11-08T04:00:00.000Z
955,Phemex,phemex,1,0,1,2020-04-08T17:35:00.000Z,2023-11-08T04:00:00.000Z
961,Bitspay,bitspay,1,0,0,2023-02-27T09:45:00.000Z,2023-11-08T04:00:00.000Z
978,Binance.KR,binance-kr,0,0,1,2020-04-21T21:45:00.000Z,2021-01-12T07:40:00.000Z
983,Loopring Exchange,loopring-exchange,1,0,1,2020-05-05T22:55:00.000Z,2023-11-08T04:00:00.000Z
988,BitTrade,bittrade,1,0,0,2021-11-25T13:05:00.000Z,2023-11-08T04:00:00.000Z
993,Bitsprox Pro,bitsprox-pro,0,0,0,2023-11-08T04:01:12.764Z,2023-11-08T04:01:12.765Z
996,Upbit Singapore,upbit-singapore,0,0,0,2023-11-08T04:01:12.564Z,2023-11-08T04:01:12.563Z
997,Chiliz,chiliz,1,0,1,2020-04-21T21:50:00.000Z,2023-11-08T04:00:00.000Z
1006,Jubi,jubi-exchange,1,0,0,2021-06-01T15:25:00.000Z,2023-11-08T04:00:00.000Z
1009,Giottus,giottus,1,0,1,2020-07-17T05:15:00.000Z,2023-11-08T04:00:00.000Z
1011,Coinlist Pro,coinlist-pro,1,0,1,2020-09-25T17:00:00.000Z,2023-11-08T04:00:00.000Z
1012,Felixo,felixo,1,0,0,2020-09-07T23:05:00.000Z,2023-11-08T04:00:00.000Z
1019,BitTurk,bitturk,1,0,1,2021-08-15T09:20:00.000Z,2023-11-08T04:00:00.000Z
1029,CoinZoom,coinzoom,1,0,0,2020-10-25T22:40:00.000Z,2023-11-08T04:00:00.000Z
1036,UMEX,umex,0,0,0,2023-11-08T04:01:14.366Z,2023-11-08T04:01:14.366Z
1037,Flybit,flybit,1,0,1,2021-05-26T04:35:00.000Z,2023-11-08T04:00:00.000Z
1062,Balancer,balancer,1,0,1,2020-08-03T21:00:00.000Z,2023-11-08T04:00:00.000Z
1063,Curve (Ethereum),curve-finance,1,0,1,2020-08-04T04:00:00.000Z,2023-11-08T04:00:00.000Z
1064,BingX,bingx,1,0,1,2020-10-28T12:55:00.000Z,2023-11-08T04:00:00.000Z
1069,Uniswap v2,uniswap-v2,1,0,1,2020-07-10T22:55:00.000Z,2023-11-08T04:00:00.000Z
1070,Nash,nash-exchange,1,0,1,2020-07-24T05:15:00.000Z,2023-11-08T04:00:00.000Z
1071,APROBIT,aprobit,1,0,0,2021-06-02T05:40:00.000Z,2023-11-08T04:00:00.000Z
1075,CrossTower,crosstower,1,0,0,2020-11-06T01:20:00.000Z,2023-11-08T04:00:00.000Z
1077,LocalCryptos.Club,localcryptos-club,0,0,0,2023-11-08T04:01:15.376Z,2023-11-08T04:01:15.365Z
1084,Kwenta,kwenta,1,0,1,2020-08-10T22:15:00.000Z,2023-08-07T21:45:00.000Z
1085,Zipmex,zipmex,1,0,0,2020-10-22T21:50:00.000Z,2023-11-08T04:00:00.000Z
1086,BizzExchange,bizzexchange,0,0,0,2023-11-08T04:01:15.966Z,2023-11-08T04:01:15.967Z
1091,Narkasa,narkasa,1,0,1,2020-11-06T00:55:00.000Z,2023-11-08T04:00:00.000Z
1101,Polkaswap,polkaswap,1,0,1,2021-08-25T17:35:00.000Z,2023-11-08T04:00:00.000Z
1103,Nexus Mutual,nexus-mutual,0,0,1,2020-08-13T21:15:00.000Z,2023-04-03T02:00:00.000Z
1116,Sunswap v2,justswap,1,0,0,2020-08-18T13:20:00.000Z,2023-11-08T04:00:00.000Z
1117,Azbit,azbit,1,0,0,2020-08-18T12:00:00.000Z,2023-11-08T03:55:00.000Z
1124,Bitazza,bitazza,1,0,0,2021-07-13T11:50:00.000Z,2023-11-08T04:00:00.000Z
1128,Changelly PRO,changelly-pro,1,0,1,2020-10-15T02:25:00.000Z,2023-11-08T04:00:00.000Z
1131,Bitcoiva,bitcoiva,1,0,1,2021-02-23T10:30:00.000Z,2023-11-08T04:00:00.000Z
1133,TruBit Pro Exchange,mexo-exchange,1,0,0,2020-11-06T00:25:00.000Z,2023-11-08T04:00:00.000Z
1138,Bitexen,bitexen,1,0,1,2021-02-01T05:10:00.000Z,2023-11-08T04:00:00.000Z
1141,SushiSwap (Ethereum),sushiswap,1,0,1,2020-09-15T10:20:00.000Z,2023-11-08T04:00:00.000Z
1145,KoinBX,koinbx,1,0,1,2021-01-20T07:35:00.000Z,2023-11-08T04:00:00.000Z
1149,Crypto.com Exchange,crypto-com-exchange,1,0,1,2020-10-10T02:40:00.000Z,2023-11-08T04:00:00.000Z
1152,SINEGY Marketplace,sinegy-marketplace,0,0,1,2020-10-30T00:50:00.000Z,2022-10-26T08:25:00.000Z
1155,BurgerSwap,burgerswap,0,0,0,2020-09-25T12:40:00.000Z,2021-05-01T08:40:00.000Z
1161,BIT,bit-com,1,0,0,2020-11-10T06:20:00.000Z,2023-11-08T04:00:00.000Z
1165,PancakeSwap,pancakeswap,1,0,0,2020-09-28T03:50:00.000Z,2023-11-08T04:00:00.000Z
1173,LMAX Digital,lmax-digital,1,0,0,2022-12-07T11:35:00.000Z,2023-11-08T04:00:00.000Z
1179,ACDX,acdx,1,0,0,2020-11-04T00:55:00.000Z,2023-11-08T04:00:00.000Z
1182,Deepcoin,deepcoin,1,0,1,2020-12-13T06:50:00.000Z,2023-11-08T04:00:00.000Z
1187,DODO (Ethereum),dodo,1,0,1,2020-10-28T09:15:00.000Z,2023-11-08T04:00:00.000Z
1188,BYDFi,bydfi,1,0,0,2023-07-06T07:40:00.000Z,2023-11-08T04:00:00.000Z
1190,Honeyswap,honeyswap,1,0,0,2021-03-16T03:25:00.000Z,2023-11-08T04:00:00.000Z
1191,Redot.com,redot,0,0,0,2023-11-08T04:01:19.368Z,2023-11-08T04:01:19.369Z
1196,JulSwap,julswap,1,0,1,2020-11-22T11:25:00.000Z,2023-11-08T04:00:00.000Z
1199,PointPay,pointpay,1,0,0,2022-10-24T12:00:00.000Z,2023-11-08T04:00:00.000Z
1206,LuaSwap,luaswap,1,0,0,2021-05-23T03:10:00.000Z,2023-11-08T04:00:00.000Z
1209,mimo.exchange,mimo-exchange,1,0,0,2022-04-07T04:35:00.000Z,2023-11-08T04:00:00.000Z
1210,Lukutex,lukutex,0,0,0,2023-11-08T04:01:19.968Z,2023-11-08T04:01:19.968Z
1213,Mento,mento,1,0,0,2021-02-20T16:35:00.000Z,2023-11-08T04:00:00.000Z
1215,Foxbit,foxbit,1,0,1,2022-06-22T13:55:00.000Z,2023-11-08T04:00:00.000Z
1232,KLAYswap,klayswap,1,0,1,2021-02-04T00:20:00.000Z,2023-11-08T04:00:00.000Z
1234,Venus,venus,1,0,0,2020-12-10T13:10:00.000Z,2023-11-08T04:00:00.000Z
1235,DeFiChain DEX,defichain-dex,1,0,1,2021-06-15T02:50:00.000Z,2023-11-08T04:00:00.000Z
1238,Garantex,garantex,0,0,0,2023-11-08T04:01:20.568Z,2023-11-08T04:01:20.568Z
1247,FameEX,fameex,1,0,0,2023-03-29T04:40:00.000Z,2023-11-08T04:00:00.000Z
1250,Tokpie,tokpie,1,0,0,2023-03-22T04:40:00.000Z,2023-11-08T04:00:00.000Z
1254,Blockchain.com,blockchain-com-exchange,1,0,1,2021-02-06T05:30:00.000Z,2023-11-08T04:00:00.000Z
1261,OpenOcean,openocean,1,0,0,2021-03-08T14:25:00.000Z,2023-11-08T04:00:00.000Z
1262,1inch Liquidity Protocol,1inch-liquidity-protocol,1,0,1,2021-03-17T06:45:00.000Z,2023-11-08T04:00:00.000Z
1267,Wanswap,wanswap,1,0,1,2021-03-03T03:05:00.000Z,2023-11-08T04:00:00.000Z
1279,MDEX,mdex,1,0,0,2021-02-17T13:15:00.000Z,2023-11-08T04:00:00.000Z
1281,ApeSwap (BSC),apeswap,1,0,0,2021-07-26T15:50:00.000Z,2023-11-08T04:00:00.000Z
1289,WOO X,wootrade,1,0,1,2021-04-26T12:35:00.000Z,2023-11-08T04:00:00.000Z
1293,QuickSwap,quickswap,1,0,1,2021-03-22T09:40:00.000Z,2023-11-08T04:00:00.000Z
1295,LCX Exchange,lcx-exchange,1,0,0,2021-05-11T10:50:00.000Z,2023-11-08T04:00:00.000Z
1297,Swop.fi,swop-fi,1,0,0,2022-06-29T19:10:00.000Z,2023-11-08T04:00:00.000Z
1298,Tarmex,tarmex,1,0,0,2023-10-25T09:50:00.000Z,2023-11-08T04:00:00.000Z
1301,Perpetual Protocol,perpetual-protocol,1,0,0,2021-05-09T04:00:00.000Z,2023-11-08T04:00:00.000Z
1302,BakerySwap,bakeryswap,1,0,0,2021-03-15T12:40:00.000Z,2023-11-08T04:00:00.000Z
1304,Dfyn Network,dfyn-network,1,0,1,2021-05-06T12:15:00.000Z,2023-11-08T04:00:00.000Z
1307,Energiswap,energiswap,1,0,0,2023-02-11T18:35:00.000Z,2023-11-08T04:00:00.000Z
1310,Capital DEX,capital-dex,1,0,0,2021-07-13T12:10:00.000Z,2023-11-08T04:00:00.000Z
1314,Kwikswap,kwikswap,1,0,0,2021-06-04T18:20:00.000Z,2023-11-08T04:00:00.000Z
1319,DODO (BSC),dodo-bsc,1,0,0,2021-04-08T17:10:00.000Z,2023-11-08T04:00:00.000Z
1325,PlasmaSwap (ETH),plasmaswap,1,0,1,2021-05-25T04:55:00.000Z,2023-11-08T04:00:00.000Z
1327,THORChain,thorchain-erc20,1,0,1,2021-06-01T14:25:00.000Z,2023-11-08T04:00:00.000Z
1329,MDEX (BSC),mdex-bsc,1,0,0,2021-04-20T11:50:00.000Z,2023-11-08T04:00:00.000Z
1333,KyberSwap Classic (Ethereum),kyberswap-classic,1,0,1,2021-05-18T06:20:00.000Z,2023-11-08T04:00:00.000Z
1334,Unicly,unicly,1,0,1,2021-04-27T03:25:00.000Z,2023-11-08T04:00:00.000Z
1336,Quidax,quidax,1,0,0,2022-02-14T04:45:00.000Z,2023-11-08T04:00:00.000Z
1339,Ubeswap,ubeswap,1,0,1,2021-07-08T08:25:00.000Z,2023-11-08T04:00:00.000Z
1340,Pangolin,pangolin,1,0,0,2021-04-26T11:55:00.000Z,2023-11-08T04:00:00.000Z
1342,Raydium,raydium,1,0,0,2021-05-09T03:50:00.000Z,2023-11-08T04:00:00.000Z
1344,PancakeSwap v2 (BSC),pancakeswap-v2,1,0,1,2021-04-28T09:20:00.000Z,2023-11-08T04:00:00.000Z
1348,Uniswap v3 (Ethereum),uniswap-v3,1,0,0,2021-05-19T13:20:00.000Z,2023-11-08T04:00:00.000Z
1356,ViperSwap,viperswap,1,0,0,2021-08-11T16:30:00.000Z,2023-11-08T04:00:00.000Z
1359,SpiritSwap,spiritswap,1,0,1,2021-06-01T17:50:00.000Z,2023-11-08T04:00:00.000Z
1368,Minter(Ethereum),minter-eth,1,0,0,2022-06-21T13:55:00.000Z,2023-11-08T04:00:00.000Z
1370,WardenSwap,wardenswap,1,0,1,2022-09-20T20:00:00.000Z,2023-11-08T04:00:00.000Z
1371,Globe Derivative Exchange,globe-derivative-exchange,1,0,1,2021-10-27T06:50:00.000Z,2023-11-08T04:00:00.000Z
1375,Binance TR,binance-tr,1,0,1,2021-09-27T07:50:00.000Z,2023-11-08T04:00:00.000Z
1378,Bunicorn,bunicorn,1,0,1,2021-07-20T12:50:00.000Z,2023-11-08T04:00:00.000Z
1386,Lydia Finance,lydia-finance,1,0,1,2021-08-09T04:40:00.000Z,2023-11-08T04:00:00.000Z
1390,Convergence,convergence,1,0,0,2021-07-13T07:45:00.000Z,2023-11-08T04:00:00.000Z
1395,BabySwap,babyswap,1,0,0,2021-07-08T13:40:00.000Z,2023-11-08T04:00:00.000Z
1398,CoinSwap Space,coinswap-space,1,0,0,2021-12-30T10:35:00.000Z,2023-11-08T04:00:00.000Z
1402,BXH,bxh,1,0,1,2022-09-20T20:55:00.000Z,2023-11-08T04:00:00.000Z
1404,Balancer v2,balancer-v2,1,0,1,2021-07-01T08:40:00.000Z,2023-11-08T04:00:00.000Z
1405,ProBit,probit-korea,1,0,1,2021-06-30T17:20:00.000Z,2023-11-08T04:00:00.000Z
1406,lnncoin,lnncoin,0,0,0,2023-11-08T04:01:25.972Z,2023-11-08T04:01:25.972Z
1407,Sovryn,sovryn,1,0,0,2021-10-26T07:35:00.000Z,2023-11-08T04:00:00.000Z
1408,ShibaSwap,shibaswap,1,0,1,2021-07-13T07:40:00.000Z,2023-11-08T04:00:00.000Z
1411,Coinstore,coinstore,1,0,0,2022-08-08T07:55:00.000Z,2023-11-08T04:00:00.000Z
1413,SushiSwap (BSC),sushiswap-bsc,1,0,1,2021-07-23T15:25:00.000Z,2023-11-08T04:00:00.000Z
1415,Mars Ecosystem,mars-ecosystem,1,0,1,2021-10-20T13:40:00.000Z,2023-11-08T04:00:00.000Z
1416,SushiSwap (Fantom),sushiswap-fantom,1,0,1,2021-07-21T08:55:00.000Z,2023-11-08T04:00:00.000Z
1417,SushiSwap (Polygon),sushiswap-polygon,1,0,1,2021-07-21T04:10:00.000Z,2023-11-08T04:00:00.000Z
1418,SushiSwap (Gnosis),sushiswap-xdai,1,0,1,2021-07-22T05:35:00.000Z,2023-11-08T04:00:00.000Z
1419,Uniswap v3 (Optimism),uniswap-v3-optimism,1,0,1,2021-07-22T22:00:00.000Z,2023-11-08T04:00:00.000Z
1420,KuSwap,kuswap,1,0,1,2021-07-22T04:10:00.000Z,2023-11-08T04:00:00.000Z
1426,Orca,orca,1,0,1,2021-08-09T04:40:00.000Z,2023-11-08T04:00:00.000Z
1428,Balanced,balanced,1,0,0,2021-08-15T03:35:00.000Z,2023-11-08T04:00:00.000Z
1431,KSwap,kswap-finance,1,0,0,2021-08-08T10:50:00.000Z,2023-11-08T04:00:00.000Z
1433,CherrySwap,cherryswap,1,0,0,2021-08-08T09:55:00.000Z,2023-11-08T04:00:00.000Z
1440,WaultSwap (Polygon),waultswap-polygon,1,0,1,2021-08-19T07:35:00.000Z,2023-11-08T04:00:00.000Z
1441,OpenLeverage,openleverage,1,0,0,2022-08-08T07:55:00.000Z,2023-11-08T04:00:00.000Z
1444,PolyDEX,polydex,1,0,0,2021-08-31T13:35:00.000Z,2023-11-08T04:00:00.000Z
1445,Biswap v2,biswap,1,0,1,2021-09-09T07:30:00.000Z,2023-11-08T04:00:00.000Z
1447,Osmosis,osmosis,1,0,1,2021-09-29T18:00:00.000Z,2023-11-08T04:00:00.000Z
1452,ApolloX,apollox,1,0,1,2021-08-31T13:35:00.000Z,2023-11-08T04:00:00.000Z
1453,YetiSwap,yetiswap,1,0,1,2021-08-31T13:40:00.000Z,2023-11-08T04:00:00.000Z
1454,Kava Swap,kava-swap,1,0,0,2021-11-02T19:50:00.000Z,2023-11-08T04:00:00.000Z
1455,SpookySwap,spookyswap,1,0,1,2021-08-31T13:35:00.000Z,2023-11-08T04:05:00.000Z
1456,Trader Joe (Avalanche),traderjoe,1,0,0,2021-08-31T13:40:00.000Z,2023-11-08T04:00:00.000Z
1457,Jetswap (BSC),jetswap,1,0,0,2021-09-16T16:30:00.000Z,2023-11-08T04:00:00.000Z
1458,DogeSwap,dogeswap,1,0,1,2022-08-18T08:30:00.000Z,2023-11-08T04:00:00.000Z
1461,Gravity Finance,gravity-finance,0,0,0,2023-11-08T04:01:26.973Z,2023-11-08T04:01:26.972Z
1462,Clipper (Ethereum),clipper,1,0,0,2021-09-11T16:35:00.000Z,2023-11-08T04:05:00.000Z
1463,Jetswap (Polygon),jetswap-polygon,1,0,0,2021-09-12T16:40:00.000Z,2023-11-08T04:05:00.000Z
1464,SushiSwap (Arbitrum),sushiswap-arbitrum,1,0,1,2021-09-12T13:05:00.000Z,2023-11-08T04:00:00.000Z
1466,ApeSwap (Polygon),apeswap-finance-polygon,1,0,0,2021-11-03T04:40:00.000Z,2023-11-08T04:00:00.000Z
1469,DODO (Polygon),dodo-polygon,1,0,0,2021-11-25T19:45:00.000Z,2023-11-08T04:05:00.000Z
1473,Symmetric(XDAI),symmetric,1,0,0,2022-04-21T13:35:00.000Z,2023-11-08T04:05:00.000Z
1476,Jswap Finance,jswap-finance,1,0,0,2021-09-23T09:40:00.000Z,2023-11-08T04:05:00.000Z
1477,SushiSwap (Harmony),sushiswap-harmony,1,0,0,2021-11-23T19:40:00.000Z,2023-11-08T04:00:00.000Z
1478,Uniswap v3 (Arbitrum),uniswap-v3-arbitrum,1,0,0,2022-01-10T13:35:00.000Z,2023-11-08T04:05:00.000Z
1479,KyberSwap Classic (Polygon),kyberswap-classic-polygon,1,0,0,2021-09-29T10:40:00.000Z,2023-11-08T04:05:00.000Z
1480,KyberSwap Classic (BSC),kyberswap-classic-bsc,1,0,0,2021-09-29T10:40:00.000Z,2023-11-08T04:05:00.000Z
1481,KyberSwap Classic (Avalanche),kyberswap-classic-avalanche,1,0,0,2021-09-29T10:40:00.000Z,2023-11-08T04:05:00.000Z
1482,Solarbeam,solarbeam,1,0,1,2021-10-21T13:40:00.000Z,2023-11-08T04:05:00.000Z
1483,AutoShark Finance,autoshark-finance,1,0,0,2021-12-13T14:40:00.000Z,2023-11-08T04:05:00.000Z
1484,DODO (Arbitrum),dodo-arbitrum,1,0,0,2021-10-20T16:50:00.000Z,2023-11-08T04:05:00.000Z
1486,KAIDEX,kaidex,1,0,0,2021-11-16T05:25:00.000Z,2023-11-08T04:05:00.000Z
1487,Orion BSC,orion-protocol,1,0,0,2022-04-06T01:40:00.000Z,2023-11-08T04:05:00.000Z
1489,Planet Finance,planet-finance,1,0,0,2021-12-08T07:45:00.000Z,2023-11-08T04:05:00.000Z
1490,PlasmaSwap (BSC),plasmaswap-bsc,1,0,0,2021-10-20T16:40:00.000Z,2023-11-08T04:05:00.000Z
1491,PlasmaSwap (Polygon),plasmaswap-polygon,1,0,1,2021-10-21T05:05:00.000Z,2023-11-08T04:05:00.000Z
1493,ZilSwap,zilswap,1,0,0,2021-10-25T07:50:00.000Z,2023-10-02T20:20:00.000Z
1495,DFX Finance (Polygon),dfx-finance-polygon,1,0,0,2022-05-05T13:30:00.000Z,2023-11-08T04:05:00.000Z
1496,Dinosaur Eggs,dinosaur-eggs,1,0,1,2021-10-20T16:35:00.000Z,2023-11-08T04:05:00.000Z
1499,Deri Protocol,deri-protocol,1,0,0,2021-10-27T06:55:00.000Z,2023-11-08T04:05:00.000Z
1503,Huckleberry,huckleberry,1,0,0,2022-01-27T07:20:00.000Z,2023-11-08T04:05:00.000Z
1504,SynFutures,synfutures,1,0,0,2023-06-28T06:40:00.000Z,2023-11-08T04:05:00.000Z
1505,DeFi Kingdoms,defi-kingdoms,1,0,1,2022-03-17T07:50:00.000Z,2023-11-08T04:05:00.000Z
1510,Ref Finance,ref-finance,1,0,1,2021-11-25T13:20:00.000Z,2023-11-08T04:05:00.000Z
1513,Elk Finance (Avalanche),elk-finance,1,0,0,2021-12-02T08:40:00.000Z,2023-11-08T04:05:00.000Z
1514,QuipuSwap,quipuswap,1,0,0,2022-08-17T07:20:00.000Z,2023-11-08T04:05:00.000Z
1515,Wagyuswap,wagyuswap,1,0,0,2021-11-13T14:10:00.000Z,2023-11-08T04:05:00.000Z
1517,SoulSwap,soulswap,1,0,1,2022-09-20T18:30:00.000Z,2023-11-08T04:05:00.000Z
1521,MojitoSwap,mojitoswap,1,0,0,2021-12-07T09:05:00.000Z,2023-11-08T04:05:00.000Z
1522,DFX Finance (Ethereum),dfx-finance,1,0,0,2021-11-10T06:25:00.000Z,2023-11-08T04:05:00.000Z
1524,Bitcoin.me,klever-exchange,1,0,1,2022-06-09T14:25:00.000Z,2023-11-08T04:05:00.000Z
1526,Elk Finance (Polygon),elk-finance-polygon,1,0,0,2021-11-29T10:45:00.000Z,2023-11-08T04:05:00.000Z
1527,Elk Finance (BSC),elk-finance-bsc,1,0,0,2021-12-02T08:50:00.000Z,2023-11-08T04:05:00.000Z
1528,MakiSwap,makiswap,1,0,0,2022-04-07T04:30:00.000Z,2023-11-08T04:05:00.000Z
1529,CRODEX,crodex,1,0,0,2021-11-22T08:35:00.000Z,2023-11-08T04:05:00.000Z
1530,VVS Finance,vvs-finance,1,0,1,2021-11-21T14:00:00.000Z,2023-11-08T04:05:00.000Z
1531,NexDAX,nexdax,1,0,1,2023-07-25T08:40:00.000Z,2023-11-08T04:05:00.000Z
1536,Maiar Exchange,maiar-exchange,1,0,1,2022-01-03T07:40:00.000Z,2023-11-08T04:05:00.000Z
1539,PowerTrade,powertrade,1,0,1,2022-08-24T09:50:00.000Z,2023-11-08T04:05:00.000Z
1540,SushiSwap (Celo),sushiswap-celo,1,0,0,2021-12-15T19:45:00.000Z,2023-11-08T04:05:00.000Z
1541,Beethoven X (Fantom),beethovenx,1,0,0,2021-12-28T16:40:00.000Z,2023-11-08T04:05:00.000Z
1542,Firebird Finance (Polygon),firebird-finance-polygon,1,0,0,2022-03-17T07:50:00.000Z,2023-11-08T04:05:00.000Z
1543,Katana,katana,1,0,1,2022-01-10T14:35:00.000Z,2023-11-08T04:05:00.000Z
1544,OolongSwap,oolongswap,1,0,0,2021-12-09T20:35:00.000Z,2023-11-08T04:05:00.000Z
1545,Morpheus Swap,morpheus-swap,1,0,0,2022-04-29T18:10:00.000Z,2023-11-08T04:05:00.000Z
1546,Jetswap (Fantom),jetswap-fantom,1,0,1,2022-02-23T04:40:00.000Z,2023-11-08T04:05:00.000Z
1547,CronaSwap,cronaswap,1,0,0,2021-12-08T07:45:00.000Z,2023-11-08T04:05:00.000Z
1548,WingSwap,wingswap,1,0,1,2022-03-17T13:50:00.000Z,2023-11-08T04:05:00.000Z
1551,Helix,injective-protocol,1,0,0,2022-02-15T10:40:00.000Z,2023-11-08T04:05:00.000Z
1554,Yoshi Exchange (Fantom),yoshi-exchange,1,0,0,2022-03-31T04:35:00.000Z,2023-11-08T04:05:00.000Z
1560,Kine Protocol (Polygon),kine-protocol-polygon,1,0,0,2022-01-26T13:15:00.000Z,2023-11-08T04:05:00.000Z
1561,Bit2Me Pro,bit2me,1,0,0,2022-01-10T14:25:00.000Z,2023-11-08T04:05:00.000Z
1565,Balancer v2 (Polygon),balancer-v2-polygon,1,0,1,2022-01-10T13:50:00.000Z,2023-11-08T04:05:00.000Z
1566,Balancer v2 (Arbitrum),balancer-v2-arbitrum,1,0,1,2022-01-10T13:35:00.000Z,2023-11-08T04:05:00.000Z
1567,Uniswap v3 (Polygon),uniswap-v3-polygon,1,0,1,2022-01-10T13:40:00.000Z,2023-11-08T04:05:00.000Z
1568,Symmetric (Celo),symmetric-celo,1,0,0,2022-04-21T13:45:00.000Z,2023-11-08T04:05:00.000Z
1569,Tinyman,tinyman,1,0,1,2022-02-09T07:35:00.000Z,2023-11-08T04:05:00.000Z
1570,Netswap,netswap,1,0,0,2022-03-23T23:40:00.000Z,2023-11-08T04:05:00.000Z
1571,Tethys,tethys,1,0,0,2022-04-06T22:30:00.000Z,2023-11-08T04:05:00.000Z
1572,MM Finance (Cronos),mm-finance,1,0,1,2022-03-30T13:35:00.000Z,2023-11-08T04:05:00.000Z
1573,DefySwap,defyswap,1,0,0,2022-04-27T17:55:00.000Z,2023-11-08T04:05:00.000Z
1577,Spartan Protocol,spartan-protocol,1,0,0,2022-04-21T13:35:00.000Z,2023-11-08T04:05:00.000Z
1578,Glide Finance,glide-finance,1,0,0,2022-04-07T10:30:00.000Z,2023-11-08T04:05:00.000Z
1579,MuesliSwap,muesliswap-dex,1,0,0,2022-04-12T07:30:00.000Z,2023-11-08T04:05:00.000Z
1580,Saber DEX,saber-dex,1,0,1,2022-06-12T16:35:00.000Z,2023-11-08T04:05:00.000Z
1581,StellaSwap,stellaswap,1,0,0,2022-03-17T07:50:00.000Z,2023-11-08T04:05:00.000Z
1582,Dark Knight,dark-knight,1,0,1,2022-03-28T01:35:00.000Z,2023-11-08T04:05:00.000Z
1584,KnightSwap,knightswap,1,0,1,2022-03-21T16:50:00.000Z,2023-11-08T04:05:00.000Z
1585,ZigZag (zkSync Lite),zigzag,1,0,0,2022-06-23T11:05:00.000Z,2023-11-08T04:05:00.000Z
1590,Hakuswap,hakuswap,1,0,0,2022-04-29T20:05:00.000Z,2023-11-08T04:05:00.000Z
1591,Hebeswap,hebeswap,1,0,0,2022-10-17T07:10:00.000Z,2023-06-11T17:10:00.000Z
1594,WigoSwap,wigoswap,1,0,0,2022-03-14T04:45:00.000Z,2023-11-08T04:05:00.000Z
1595,Zappy,zappy,1,0,0,2022-03-24T10:35:00.000Z,2023-11-08T04:05:00.000Z
1599,ClaimSwap,claimswap,1,0,0,2022-03-28T04:30:00.000Z,2023-11-08T04:05:00.000Z
1600,OKCoin Japan,okcoin-japan,1,0,0,2022-03-11T15:05:00.000Z,2023-11-08T04:05:00.000Z
1601,Bullish,bullish,1,0,1,2022-05-07T05:05:00.000Z,2023-11-08T04:05:00.000Z
1602,Lizard,lizard,1,0,1,2023-02-21T09:30:00.000Z,2023-11-08T04:05:00.000Z
1603,YuzuSwap,yuzuswap,1,0,0,2022-03-20T04:55:00.000Z,2023-11-08T04:05:00.000Z
1604,Wannaswap,wannaswap,1,0,0,2022-08-09T10:35:00.000Z,2023-11-08T04:05:00.000Z
1605,Excalibur,excalibur,1,0,1,2022-03-22T04:50:00.000Z,2023-11-08T04:05:00.000Z
1606,Solidly,solidly,1,0,0,2022-03-29T04:35:00.000Z,2023-11-08T04:05:00.000Z
1609,BeamSwap,beamswap,1,0,0,2022-03-17T07:50:00.000Z,2023-11-08T04:05:00.000Z
1610,Trisolaris,trisolaris,1,0,1,2022-03-22T22:35:00.000Z,2023-11-08T04:05:00.000Z
1612,Jupiter,jupiter,1,0,0,2022-06-19T13:10:00.000Z,2023-11-08T04:05:00.000Z
1613,Greenhouse,greenhouse,1,0,0,2022-03-28T04:40:00.000Z,2023-11-08T04:05:00.000Z
1614,Astroport,astroport,1,0,0,2022-04-07T11:25:00.000Z,2023-11-08T04:05:00.000Z
1616,IslandSwap,islandswap,1,0,0,2022-04-07T04:30:00.000Z,2023-11-08T04:05:00.000Z
1617,Elk Finance (OKExChain),elk-finance-okexchain,1,0,0,2022-04-07T05:05:00.000Z,2023-11-08T04:05:00.000Z
1618,Elk Finance (Elastos),elk-finance-elastos,1,0,0,2022-04-07T11:05:00.000Z,2023-11-08T04:05:00.000Z
1621,Elk Finance (Fuse),elk-finance-fuse,1,0,0,2022-04-05T18:50:00.000Z,2023-11-08T04:05:00.000Z
1622,Pegasys,pegasys,1,0,0,2022-11-24T15:55:00.000Z,2023-11-08T04:05:00.000Z
1623,Yoshi Exchange (BSC),yoshi-exchange-bsc,1,0,0,2022-03-31T04:35:00.000Z,2023-11-08T04:05:00.000Z
1624,AstroSwap,astroswap,1,0,0,2022-03-31T14:25:00.000Z,2023-04-10T12:15:00.000Z
1625,ProtoFi,protofi,1,0,1,2022-03-31T04:35:00.000Z,2023-11-08T04:05:00.000Z
1626,MistSwap,mistswap,1,0,0,2022-04-05T13:40:00.000Z,2023-11-08T04:05:00.000Z
1628,Coinhub,coinhub-mn,1,0,0,2022-04-26T14:15:00.000Z,2023-11-08T04:05:00.000Z
1631,SushiSwap (Avalanche),sushiswap-avax,1,0,0,2022-04-05T09:10:00.000Z,2023-11-08T04:05:00.000Z
1632,Voltage Finance,voltage-finance,1,0,0,2022-04-13T13:30:00.000Z,2023-11-08T04:05:00.000Z
1633,SushiSwap (Fuse),sushiswap-fuse,1,0,0,2022-04-05T19:05:00.000Z,2023-11-08T04:05:00.000Z
1634,Orion ETH,orion-protocol-eth,1,0,0,2022-04-27T14:10:00.000Z,2023-11-08T04:05:00.000Z
1636,DeFi Kingdoms (Crystalvale),defi-kingdoms-crystalvale,1,0,0,2022-04-12T07:05:00.000Z,2023-11-08T04:05:00.000Z
1637,Tombswap,tombswap,1,0,0,2022-04-07T04:30:00.000Z,2023-11-08T04:05:00.000Z
1638,BenSwap,benswap,1,0,0,2022-04-28T13:10:00.000Z,2023-11-08T04:05:00.000Z
1639,SundaeSwap,sundaeswap,1,0,0,2022-06-26T07:40:00.000Z,2023-11-08T04:05:00.000Z
1640,Tranquil Finance,tranquil-finance,1,0,0,2022-04-11T19:30:00.000Z,2023-11-08T04:05:00.000Z
1641,MilkySwap,milkyswap,1,0,0,2022-04-12T10:30:00.000Z,2023-11-08T04:05:00.000Z
1642,RadioShack (Polygon),radioshack-polygon,1,0,0,2022-04-27T19:35:00.000Z,2023-11-08T04:05:00.000Z
1645,Tapbit,tapbit,1,0,0,2022-05-08T07:25:00.000Z,2023-11-08T04:05:00.000Z
1646,Swappi,swappi,1,0,0,2022-06-26T10:45:00.000Z,2023-11-08T04:05:00.000Z
1648,RadioShack (Avalanche),radioshack-avalanche,1,0,0,2022-04-30T12:55:00.000Z,2023-11-08T04:05:00.000Z
1649,RadioShack (Ethereum),radioshack-ethereum,1,0,1,2022-04-30T13:20:00.000Z,2023-11-08T04:05:00.000Z
1650,RadioShack (BSC),radioshack-bsc,1,0,0,2022-04-30T07:30:00.000Z,2023-11-08T04:05:00.000Z
1651,Zipswap,zipswap,1,0,1,2022-05-02T18:45:00.000Z,2023-11-08T04:05:00.000Z
1653,ZOOMEX,zoomex,1,0,0,2022-05-17T11:50:00.000Z,2023-11-08T04:05:00.000Z
1655,Zenlink (Moonriver),zenlink,1,0,0,2022-08-29T12:55:00.000Z,2023-11-08T04:05:00.000Z
1657,Nomiswap,nomiswap,1,0,0,2022-06-21T01:35:00.000Z,2023-11-08T04:05:00.000Z
1665,DuckyDefi,duckydefi,1,0,1,2022-06-07T01:50:00.000Z,2023-11-08T04:05:00.000Z
1667,EvmoSwap,evmoswap,1,0,0,2023-04-03T15:45:00.000Z,2023-11-08T04:05:00.000Z
1668,Dystopia,dystopia,1,0,1,2022-06-08T21:25:00.000Z,2023-11-08T04:05:00.000Z
1670,Karura Swap,karuraswap,1,0,0,2022-06-21T13:40:00.000Z,2023-11-08T04:05:00.000Z
1671,FlatQube Exchange,flatqube,1,0,1,2022-06-26T09:00:00.000Z,2023-11-08T04:05:00.000Z
1672,ArthSwap(Astar),arthswap,1,0,0,2023-09-11T05:40:00.000Z,2023-11-08T04:05:00.000Z
1675,WOOFi,woofi,1,0,0,2022-08-08T07:50:00.000Z,2023-11-08T04:05:00.000Z
1677,Minswap,minswap,1,0,0,2022-06-28T06:55:00.000Z,2023-11-08T04:05:00.000Z
1679,BIT.TEAM,bit-team,1,0,1,2022-06-28T11:50:00.000Z,2023-11-08T04:05:00.000Z
1683,Scallop Exchange,scallop-exchange,0,0,0,2023-11-08T04:01:30.374Z,2023-11-08T04:01:30.375Z
1684,Swych,swych,1,0,0,2022-08-09T14:30:00.000Z,2023-11-08T04:05:00.000Z
1685,Fstswap,fstswap,1,0,1,2022-06-29T15:50:00.000Z,2023-11-08T04:05:00.000Z
1687,Pandora,pandora-swap,1,0,1,2022-08-10T06:30:00.000Z,2023-11-08T04:05:00.000Z
1688,DeFi Swap,defi-swap,1,0,0,2022-08-10T06:30:00.000Z,2023-11-08T04:05:00.000Z
1692,Swapsicle,swapsicle,1,0,0,2022-10-02T14:00:00.000Z,2023-11-08T04:05:00.000Z
1694,Hermes Protocol,hermes-protocol,1,0,0,2022-08-07T14:30:00.000Z,2023-11-08T04:05:00.000Z
1695,KyberSwap Elastic (Polygon),kyberswap-elastic-polygon,1,0,0,2022-08-21T12:40:00.000Z,2023-11-08T04:05:00.000Z
1698,Baryon Network,baryon-network,1,0,0,2022-08-21T14:30:00.000Z,2023-11-08T04:05:00.000Z
1699,KyberSwap Elastic (Optimism),kyberswap-elastic-optimism,1,0,0,2022-08-21T17:30:00.000Z,2023-11-08T04:05:00.000Z
1700,KyberSwap Elastic (Avalanche),kyberswap-elastic-avalanche,1,0,0,2022-08-21T18:40:00.000Z,2023-11-08T04:05:00.000Z
1701,KyberSwap Elastic (Arbitrum),kyberswap-elastic-arbitrum,1,0,0,2022-08-21T18:40:00.000Z,2023-11-08T04:05:00.000Z
1702,DOOAR (Ethereum),dooar-ethereum,1,0,0,2022-08-23T10:30:00.000Z,2023-11-08T04:05:00.000Z
1703,DOOAR (BSC),dooar-bnb-smart-chain,1,0,0,2022-08-23T10:30:00.000Z,2023-11-08T04:05:00.000Z
1704,MM Finance (Polygon),mm-finance-polygon,1,0,1,2022-08-12T16:30:00.000Z,2023-11-08T04:05:00.000Z
1707,Kujira Fin,kujira-fin,1,0,0,2022-08-17T13:25:00.000Z,2023-11-08T04:05:00.000Z
1708,Velodrome,velodrome,1,0,1,2022-08-15T08:30:00.000Z,2023-11-08T04:05:00.000Z
1711,YodeSwap,yodeswap,1,0,1,2022-08-18T08:30:00.000Z,2023-11-08T04:05:00.000Z
1713,KAIDEX v3,kaidex-v3,1,0,0,2022-08-22T18:35:00.000Z,2023-11-08T04:05:00.000Z
1714,Slingshot Finance,slingshot-finance,1,0,0,2022-08-29T04:55:00.000Z,2023-11-08T04:05:00.000Z
1715,QuickSwap v3 (DogeChain),quickswap-dogechain,1,0,1,2022-08-24T12:30:00.000Z,2023-11-08T04:05:00.000Z
1716,KyberSwap Elastic (BSC),kyberswap-elastic-bnb-chain,1,0,0,2022-08-25T00:40:00.000Z,2023-11-08T04:05:00.000Z
1717,CantoSwap,cantoswap,1,0,1,2022-08-29T00:45:00.000Z,2023-11-08T04:05:00.000Z
1720,ZigZag (Arbitrum),zigzag-arbitrum,1,0,0,2022-09-07T09:35:00.000Z,2023-11-08T04:05:00.000Z
1721,Kaddex,kaddex,1,0,0,2022-09-07T09:35:00.000Z,2023-11-08T04:05:00.000Z
1723,Swapr (Arbitrum),swapr-arbitrum,1,0,0,2022-09-03T11:30:00.000Z,2023-11-08T04:05:00.000Z
1729,Fraxswap v2 (Ethereum),fraxswap-v2-ethereum,1,0,0,2023-01-22T21:05:00.000Z,2023-11-08T04:05:00.000Z
1739,W3Swap,w3swap,1,0,0,2023-03-08T07:30:00.000Z,2023-11-08T04:05:00.000Z
1790,Uniswap v3 (Celo),uniswap-celo,1,0,1,2023-03-28T10:45:00.000Z,2023-11-08T04:05:00.000Z
1798,Decaswap,decaswap,1,0,1,2022-09-20T23:10:00.000Z,2023-08-09T11:05:00.000Z
1835,NSKSwap,nskswap,1,0,1,2022-09-20T21:45:00.000Z,2023-11-08T04:05:00.000Z
1868,Leonicorn Swap,leonicornswap,1,0,1,2022-09-21T08:35:00.000Z,2023-10-23T12:00:00.000Z
1891,SaitaSwap,saitaswap,1,0,1,2022-09-21T14:30:00.000Z,2023-11-08T04:05:00.000Z
1922,Gravity Finance,gravity-finance-io,1,0,1,2023-02-21T08:45:00.000Z,2023-11-08T04:05:00.000Z
1931,Alita Finance,alita-finance,1,0,1,2022-09-21T15:15:00.000Z,2023-11-08T04:05:00.000Z
1976,Fraxswap (Polygon),fraxswap-polygon,1,0,1,2022-09-22T15:30:00.000Z,2023-11-08T04:05:00.000Z
2106,Fraxswap v2 (Avalanche),fraxswap-avalanche,1,0,1,2022-09-23T18:45:00.000Z,2023-11-08T04:05:00.000Z
2113,Fraxswap (Arbitrum),fraxswap-arbitrum,1,0,1,2022-09-22T14:35:00.000Z,2023-05-03T00:40:00.000Z
2133,KyberSwap Elastic (Fantom),kyberswap-elastic-fantom,1,0,1,2022-11-10T16:40:00.000Z,2023-11-08T04:05:00.000Z
2143,Fraxswap (Fantom),fraxswap-fantom,1,0,1,2022-09-23T17:45:00.000Z,2022-12-22T19:35:00.000Z
2162,MagicSwap,magicswap,1,0,1,2022-11-22T17:20:00.000Z,2023-11-08T04:05:00.000Z
2243,onAVAX,onavax,1,0,0,2023-04-06T03:20:00.000Z,2023-10-08T05:45:00.000Z
2284,SpaceFi (Evmos),spacefi-evmos,1,0,1,2023-02-21T06:35:00.000Z,2023-11-08T04:05:00.000Z
2373,Verse,verse,1,0,1,2022-12-21T05:20:00.000Z,2023-11-08T04:05:00.000Z
2399,Cronus Finance,cronus-finance,1,0,0,2023-04-03T10:15:00.000Z,2023-11-08T04:05:00.000Z
2496,Apeswap (Ethereum),apeswap-finance-ethereum,1,0,0,2023-03-08T01:05:00.000Z,2023-06-30T08:05:00.000Z
2705,OKC Swap,okc-swap,1,0,1,2022-11-22T18:05:00.000Z,2023-11-08T04:05:00.000Z
2796,KyberSwap Elastic (Ethereum),kyberswap-elastic-ethereum,1,0,1,2022-09-24T03:20:00.000Z,2023-11-08T04:05:00.000Z
3177,Bored Candy City,bored-candy-city,1,0,1,2022-11-24T20:40:00.000Z,2023-11-08T04:05:00.000Z
3200,Nomiswap (Stable),nomiswap-stable,1,0,1,2022-11-22T16:30:00.000Z,2023-11-08T04:05:00.000Z
3283,KyberSwap Classic (Optimism),kyberswap-classic-optimism,1,0,1,2023-03-07T14:25:00.000Z,2023-11-08T04:05:00.000Z
3355,Arbswap (Arbitrum One),arbswap-arbitrum-one,1,0,0,2023-04-05T12:30:00.000Z,2023-11-08T04:05:00.000Z
3401,DAO Swap,dao-swap,1,0,1,2022-10-02T17:15:00.000Z,2023-11-08T04:05:00.000Z
3456,OpenSwap (Optimism),openswap-optimisim,1,0,1,2022-11-21T21:15:00.000Z,2023-11-08T04:05:00.000Z
3470,Wombat Exchange (BSC),wombat-exchange,1,0,0,2022-09-21T07:00:00.000Z,2023-08-04T09:10:00.000Z
3488,ApeSwap (Telos),apeswap-telos,1,0,1,2022-11-23T17:40:00.000Z,2023-11-08T04:05:00.000Z
3596,Baby Doge Swap,baby-doge-swap,1,0,0,2022-10-11T22:30:00.000Z,2023-11-08T04:05:00.000Z
3605,VaporDex,vapordex,1,0,0,2023-03-21T10:50:00.000Z,2023-11-08T04:05:00.000Z
3627,KyberSwap Classic (Arbitrum),kyberswap-classic-arbitrum,1,0,1,2023-03-07T13:40:00.000Z,2023-11-08T04:05:00.000Z
3631,DIFX,difx,1,0,0,2022-09-26T09:50:00.000Z,2023-11-08T04:05:00.000Z
3730,ALEX,alex,1,0,0,2022-10-10T11:25:00.000Z,2023-04-14T18:15:00.000Z
3735,ICRYPEX,icrypex,1,0,0,2023-07-25T08:25:00.000Z,2023-11-08T04:05:00.000Z
3771,CroSwap,croswap,1,0,0,2023-02-12T22:00:00.000Z,2023-11-08T04:05:00.000Z
3778,UniWswap,uniwswap,1,0,1,2022-10-16T16:40:00.000Z,2023-06-11T08:25:00.000Z
3874,PancakeSwap v2 (Ethereum),pancakeswap-ethereum,1,0,1,2022-10-10T14:30:00.000Z,2023-11-08T04:05:00.000Z
3903,Soy Finance,soy-finance,1,0,0,2023-11-08T04:05:24.229Z,2023-11-08T04:05:24.229Z
4098,QuickSwap v3 (Polygon),quickswap-v3,1,0,1,2022-10-16T16:35:00.000Z,2023-11-08T04:05:00.000Z
4152,Liquidswap,liquidswap,1,0,0,2022-10-25T10:30:00.000Z,2023-11-08T04:05:00.000Z
4159,WingRiders DEX,wingriders-dex,1,0,0,2023-03-21T03:45:00.000Z,2023-11-08T04:05:00.000Z
4191,Clipper (Polygon),clipper-polygon,1,0,0,2023-05-23T02:20:00.000Z,2023-11-08T04:05:00.000Z
4192,Clipper (Optimism),clipper-optimism,1,0,0,2023-05-18T02:25:00.000Z,2023-11-08T04:05:00.000Z
4788,PancakeSwap v2 (Aptos),pancakeswap-aptos,1,0,1,2022-11-06T02:30:00.000Z,2023-11-08T04:05:00.000Z
5025,Fraxswap (Optimism),fraxswap-optimism,1,0,0,2023-04-07T06:00:00.000Z,2023-11-08T04:05:00.000Z
5071,AnimeSwap(Aptos),animeswap,1,0,1,2022-12-05T04:40:00.000Z,2023-11-08T04:05:00.000Z
5072,AUX Exchange,aux-exchange,1,0,1,2022-11-05T13:30:00.000Z,2023-11-08T04:05:00.000Z
5101,Camelot,camelot,1,0,1,2022-11-24T21:05:00.000Z,2023-11-08T04:05:00.000Z
5108,3xcalibur,3xcalibur,1,0,1,2022-11-21T07:45:00.000Z,2023-11-08T04:05:00.000Z
5115,Curve (Polygon),curve-polygon,1,0,0,2023-04-04T07:30:00.000Z,2023-11-08T04:05:00.000Z
5116,Beethoven X (Optimism),beethoven-x-optimism,1,0,0,2023-03-16T07:30:00.000Z,2023-11-08T04:05:00.000Z
5118,Curve (Arbitrum),curve-finance-arbitrum,1,0,0,2023-04-04T11:30:00.000Z,2023-11-08T04:05:00.000Z
5120,Curve (Avalanche),curve-avalanche,1,0,0,2023-04-04T12:35:00.000Z,2023-11-08T04:05:00.000Z
5121,Curve (Fantom),curve-fantom,1,0,0,2023-04-04T11:30:00.000Z,2023-11-08T04:05:00.000Z
5132,Curve (Optimism),curve-optimism,1,0,0,2023-04-04T11:30:00.000Z,2023-11-08T04:05:00.000Z
5136,Curve (Gnosis),curve-gnosis,1,0,0,2023-04-09T08:45:00.000Z,2023-11-08T04:05:00.000Z
5194,Equalizer,equalizer-exchange,1,0,1,2023-02-20T04:30:00.000Z,2023-11-08T04:05:00.000Z
5200,XCAD DEX,xcad-dex,1,0,0,2022-12-07T11:40:00.000Z,2023-11-08T04:05:00.000Z
5319,SuperEx,superex,1,0,0,2022-12-19T07:40:00.000Z,2023-11-08T04:05:00.000Z
5327,Swapr (Gnosis),swapr-gnosis,1,0,0,2022-11-23T16:30:00.000Z,2023-11-08T04:05:00.000Z
5329,KibbleSwap,kibbleswap,1,0,1,2022-11-21T18:30:00.000Z,2023-11-08T04:05:00.000Z
5344,Coins.ph,coins-pro,1,0,0,2022-12-26T09:55:00.000Z,2023-11-08T04:05:00.000Z
5345,Diffusion Finance,diffusion-finance,1,0,0,2022-11-28T16:35:00.000Z,2023-11-08T04:05:00.000Z
5378,Daylight Protocol,daylight-protocol,1,0,1,2023-02-22T04:30:00.000Z,2023-09-09T09:20:00.000Z
5430,Kyotoswap,kyotoswap,1,0,1,2023-02-21T07:30:00.000Z,2023-11-08T04:05:00.000Z
5437,Apex Protocol,apex-protocol,1,0,0,2023-02-05T08:10:00.000Z,2023-11-08T04:05:00.000Z
5455,Orderly Network,orderly-network,1,0,0,2022-12-14T11:15:00.000Z,2023-11-08T04:05:00.000Z
5558,OreoSwap,oreoswap,1,0,0,2023-01-12T13:00:00.000Z,2023-11-08T04:05:00.000Z
5590,CoinTR Pro,cointr,1,0,0,2023-01-08T13:40:00.000Z,2023-11-08T04:05:00.000Z
5631,DeDust,dedust,1,0,0,2023-01-04T13:30:00.000Z,2023-11-08T04:05:00.000Z
5666,WEMIX.Fi,wemix-fi,1,0,1,2023-04-16T11:35:00.000Z,2023-11-08T04:05:00.000Z
5677,StellaSwap v3,stellaswap-v3,1,0,1,2023-05-06T20:35:00.000Z,2023-11-08T04:05:00.000Z
5745,STON.fi,ston-fi,1,0,1,2023-07-13T06:55:00.000Z,2023-11-08T04:05:00.000Z
5751,WEEX,weex,1,0,0,2023-03-06T09:20:00.000Z,2023-11-08T04:05:00.000Z
5788,Trader Joe v2 (Arbitrum),traderjoe-arbitrum,1,0,0,2023-01-29T11:00:00.000Z,2023-11-08T04:05:00.000Z
5803,THENA,thena,1,0,0,2023-03-08T06:30:00.000Z,2023-11-08T04:05:00.000Z
5833,SkullSwap,skullswap,1,0,1,2023-02-22T03:50:00.000Z,2023-11-08T04:05:00.000Z
5834,Zyberswap,zyberswap,1,0,1,2023-02-05T23:00:00.000Z,2023-11-08T04:05:00.000Z
5869,Trader Joe v2 (Avalanche),traderjoe-avalanche,1,0,0,2023-02-06T13:00:00.000Z,2023-11-08T04:05:00.000Z
5876,SolidLizard,solidlizard,1,0,1,2023-02-23T06:30:00.000Z,2023-11-08T04:05:00.000Z
5878,Forteswap,forteswap,1,0,0,2023-03-02T06:30:00.000Z,2023-11-08T04:05:00.000Z
5879,Balancer v2 (Gnosis Chain),balancer-v2-gnosis-chain,1,0,1,2023-05-28T12:35:00.000Z,2023-11-08T04:05:00.000Z
5910,IceCreamSwap,icecreamswap,1,0,0,2023-02-06T13:15:00.000Z,2023-11-08T04:05:00.000Z
5917,ArbSwap (Arbitrum Nova),arbswap,1,0,0,2023-02-06T09:00:00.000Z,2023-11-08T04:05:00.000Z
5918,Sushiswap (Arbitrum Nova),sushiswap-arbitrum-nova,1,0,0,2023-02-06T09:00:00.000Z,2023-11-08T04:05:00.000Z
5921,RCP Swap,rcp-swap,1,0,0,2023-04-11T07:30:00.000Z,2023-11-08T04:05:00.000Z
5938,SharkSwap,sharkswap,1,0,0,2023-02-06T17:55:00.000Z,2023-11-08T04:05:00.000Z
6007,Defi Kingdoms (Klaytn),defi-kingdoms-klaytn,1,0,0,2023-02-21T10:35:00.000Z,2023-11-08T04:05:00.000Z
6082,Alien.Fi,alien-fi,1,0,1,2023-02-23T05:00:00.000Z,2023-11-08T04:05:00.000Z
6093,Sharkyswap,sharkyswap,1,0,1,2023-02-21T06:40:00.000Z,2023-11-08T04:05:00.000Z
6103,Sterling Finance,sterling-finance,1,0,1,2023-02-21T09:00:00.000Z,2023-11-08T04:05:00.000Z
6108,Zyberswap v3,zyberswap-v3,1,0,1,2023-04-18T08:30:00.000Z,2023-11-08T04:05:00.000Z
6132,Arbiswap,arbiswap,1,0,1,2023-02-23T05:40:00.000Z,2023-10-29T08:25:00.000Z
6137,Toobit,toobit,1,0,0,2023-03-01T12:10:00.000Z,2023-11-08T04:05:00.000Z
6248,Oasis Swap,oasisswap,1,0,1,2023-11-08T04:05:26.832Z,2023-11-08T04:05:26.832Z
6255,Velocimeter,velocimeter,1,0,0,2023-03-02T05:30:00.000Z,2023-11-08T04:05:00.000Z
6267,Shadowswap,shadowswap,1,0,0,2023-03-06T10:25:00.000Z,2023-11-08T04:05:00.000Z
6268,LFGSwap (Core),lfgswap-core,1,0,0,2023-03-01T05:30:00.000Z,2023-11-08T04:05:00.000Z
6269,IceCreamSwap (Core),icecreamswap-core,1,0,0,2023-03-01T05:30:00.000Z,2023-11-08T04:05:00.000Z
6291,ArcherSwap,archerswap,1,0,0,2023-04-16T13:00:00.000Z,2023-11-08T04:05:00.000Z
6310,Trader Joe (BSC),traderjoe-bsc,1,0,0,2023-03-08T23:55:00.000Z,2023-11-08T04:05:00.000Z
6394,Solidly (Ethereum),solidly-ethereum,1,0,0,2023-03-29T05:35:00.000Z,2023-11-08T04:05:00.000Z
6406,Bitlo,bitlo,1,0,0,2023-03-26T09:45:00.000Z,2023-11-08T04:05:00.000Z
6407,THENA FUSION,thena-v2,1,0,1,2023-04-17T08:35:00.000Z,2023-11-08T04:05:00.000Z
6420,ApeSwap (Arbitrum),apeswap-arbitrum,1,0,0,2023-04-03T09:00:00.000Z,2023-11-08T04:05:00.000Z
6432,Archly Finance,archly-finance,1,0,0,2023-05-22T08:20:00.000Z,2023-11-07T23:15:00.000Z
6435,Lifinity,lifinity,1,0,1,2023-03-10T16:00:00.000Z,2023-11-08T04:05:00.000Z
6444,Uniswap v3 (BSC),uniswap-bsc,1,0,1,2023-03-14T17:00:00.000Z,2023-11-08T04:05:00.000Z
6469,Trader Joe v2 (BSC),traderjoe-v2-bsc,1,0,0,2023-03-12T13:25:00.000Z,2023-11-08T04:05:00.000Z
6472,Flipster,flipster,1,0,0,2023-05-08T12:25:00.000Z,2023-11-08T04:05:00.000Z
6506,Arbidex,arbidex,1,0,0,2023-04-05T12:30:00.000Z,2023-11-08T04:05:00.000Z
6515,Core Dao Swap,core-dao-swap,1,0,0,2023-03-20T14:30:00.000Z,2023-11-08T04:05:00.000Z
6530,ThetaSwap,thetaswap,1,0,0,2023-05-22T08:20:00.000Z,2023-11-08T04:05:00.000Z
6571,NESTFi,nestfi,1,0,0,2023-11-08T04:05:27.431Z,2023-11-08T04:05:27.432Z
6597,FlairDex,flairdex,1,0,1,2023-03-28T11:35:00.000Z,2023-11-08T04:05:00.000Z
6619,LFGSwap (Arbitrum),lfgswap-arbitrum,1,0,0,2023-03-28T15:35:00.000Z,2023-11-08T04:05:00.000Z
6637,Blofin,blofin,1,0,0,2023-04-27T04:40:00.000Z,2023-11-08T04:05:00.000Z
6658,AshSwap,ashswap,1,0,0,2023-11-08T04:05:27.432Z,2023-11-08T04:05:27.432Z
6660,GemSwap,gemswap,1,0,0,2023-03-28T08:35:00.000Z,2023-11-08T04:05:00.000Z
6661,Mute,mute,1,0,0,2023-03-28T08:30:00.000Z,2023-11-08T04:05:00.000Z
6663,SpaceFi (zkSync),spacefi-zksync,1,0,0,2023-03-28T08:30:00.000Z,2023-11-08T04:05:00.000Z
6668,MM Finance (Arbitrum),mm-finance-arbitrum,1,0,0,2023-04-03T08:30:00.000Z,2023-11-08T04:05:00.000Z
6669,Ramses,ramses-exchange,1,0,1,2023-04-09T11:30:00.000Z,2023-11-08T04:05:00.000Z
6680,quilibre,equilibre,1,0,0,2023-03-29T13:30:00.000Z,2023-11-08T04:05:00.000Z
6706,PancakeSwap v3 (BSC),pancakeswap-v3,1,0,0,2023-04-02T13:30:00.000Z,2023-11-08T04:05:00.000Z
6707,PancakeSwap v3 (Ethereum),pancakeswap-v3-eth,1,0,0,2023-04-02T15:05:00.000Z,2023-11-08T04:05:00.000Z
6713,Sushiswap v3 (Arbitrum),sushiswap-v3-arbitrum,1,0,1,2023-04-05T20:40:00.000Z,2023-11-08T04:05:00.000Z
6745,Sushiswap v3 (Optimism),sushiswap-v3-optimism,1,0,1,2023-04-06T08:00:00.000Z,2023-11-08T04:05:00.000Z
6746,Sushiswap v3 (Ethereum),sushiswap-v3-ethereum,1,0,1,2023-04-07T21:05:00.000Z,2023-11-08T04:05:00.000Z
6753,SaucerSwap,saucerswap,1,0,0,2023-04-22T04:40:00.000Z,2023-11-08T04:05:00.000Z
6757,Velocimeter v2,velocimeter-v2,1,0,0,2023-04-06T22:45:00.000Z,2023-11-08T04:05:00.000Z
6765,Opnx,opnx,1,0,0,2023-05-25T12:20:00.000Z,2023-11-08T04:05:00.000Z
6767,Merlin DEX,merlin-dex,1,0,1,2023-04-16T13:50:00.000Z,2023-04-28T22:25:00.000Z
6771,QuickSwap v3 (Polygon zkEVM),quickswap-polygon-zkevm,1,0,0,2023-04-11T03:40:00.000Z,2023-11-08T04:05:00.000Z
6785,ko.one,ko-one,1,0,1,2023-04-17T13:35:00.000Z,2023-11-08T04:05:00.000Z
6799,Trader Joe v2.1 (Arbitrum),trader-joe-v2-1-arbitrum,1,0,0,2023-04-26T04:30:00.000Z,2023-11-08T04:05:00.000Z
6800,Trader Joe v2.1 (Avalanche),trader-joe-v2-1-avalanche,1,0,0,2023-04-26T04:30:00.000Z,2023-11-08T04:05:00.000Z
6801,Trader Joe v2.1 (BSC),trader-joe-v2-1-bsc,1,0,0,2023-04-26T06:55:00.000Z,2023-11-08T04:05:00.000Z
6803,Velocore,velocore,1,0,0,2023-04-09T09:30:00.000Z,2023-11-08T04:05:00.000Z
6813,SyncSwap,syncswap,1,0,0,2023-04-10T13:30:00.000Z,2023-11-08T04:05:00.000Z
6841,Wagmi (zkSync Era),wagmi-zksync-era,1,0,1,2023-04-17T20:15:00.000Z,2023-11-08T04:05:00.000Z
6842,DoveSwap v3,doveswap-v3,1,0,1,2023-07-10T08:30:00.000Z,2023-11-08T04:05:00.000Z
6844,Purple Bridge,purple-bridge,1,0,1,2023-04-26T08:50:00.000Z,2023-11-08T04:05:00.000Z
6878,Wagmi (Fantom),wagmi-fantom,1,0,1,2023-04-18T05:30:00.000Z,2023-11-08T04:05:00.000Z
6943,E3,e3,1,0,1,2023-05-07T00:00:00.000Z,2023-10-14T00:55:00.000Z
6985,Clober,clober,1,0,0,2023-06-11T06:00:00.000Z,2023-07-15T11:55:00.000Z
6990,FlameSwap,flameswap,1,0,0,2023-05-07T09:50:00.000Z,2023-11-08T04:05:00.000Z
6993,Cetus,cetus,1,0,0,2023-05-04T13:30:00.000Z,2023-11-08T04:05:00.000Z
7023,BlueMove (Sui),bluemove-sui,1,0,0,2023-05-08T13:30:00.000Z,2023-11-08T04:05:00.000Z
7024,AnimeSwap(SUI),animeswap-sui,1,0,0,2023-05-09T06:40:00.000Z,2023-11-08T04:05:00.000Z
7041,NeutroSwap,186-0x2140ab15bfdfa3fa1037db7204a92429f816794d,1,0,0,2023-05-10T13:40:00.000Z,2023-11-08T04:05:00.000Z
7042,Chronos Exchange,chronos-exchange,1,0,0,2023-05-25T13:30:00.000Z,2023-11-08T04:05:00.000Z
7066,Ramses v2,ramses-v2,1,0,0,2023-07-10T14:30:00.000Z,2023-11-08T04:05:00.000Z
7070,Maverick Protocol,maverick-protocol,1,0,0,2023-06-14T06:30:00.000Z,2023-11-08T04:05:00.000Z
7084,AmpleSwap,ampleswap,1,0,0,2023-05-31T03:05:00.000Z,2023-11-08T04:05:00.000Z
7085,Fairdesk,fairdesk,1,0,0,2023-07-11T08:55:00.000Z,2023-11-08T04:05:00.000Z
7086,UniSat,unisat,1,0,0,2023-05-24T08:05:00.000Z,2023-09-12T09:55:00.000Z
7126,PulseX,pulsex,1,0,0,2023-05-18T10:30:00.000Z,2023-11-08T04:05:00.000Z
7167,Noah,noah,1,0,0,2023-05-21T16:35:00.000Z,2023-11-08T04:05:00.000Z
7173,Ezkalibur,ezkalibur,1,0,0,2023-07-03T13:30:00.000Z,2023-11-08T04:05:00.000Z
7181,CrescentSwap,crescentswap,1,0,1,2023-06-07T11:45:00.000Z,2023-11-08T04:05:00.000Z
7273,YokaiSwap,yokaiswap,1,0,0,2023-05-31T15:50:00.000Z,2023-11-08T04:05:00.000Z
7302,Bitunix,bitunix,1,0,0,2023-07-19T08:30:00.000Z,2023-11-08T04:05:00.000Z
7307,iZiSwap(zkSync),iziswap-zksync,1,0,0,2023-05-30T03:35:00.000Z,2023-11-08T04:05:00.000Z
7313,zkSwap Finance,zkswap-finance,1,0,1,2023-07-30T19:35:00.000Z,2023-11-08T04:05:00.000Z
7332,Moonbase Alpha,moonbase-alpha,1,0,0,2023-11-08T04:05:29.833Z,2023-11-08T04:05:29.834Z
7336,VyFinance,vyfinance,1,0,0,2023-05-31T14:35:00.000Z,2023-11-08T04:05:00.000Z
7342,PulseX v2,pulsex-v2,1,0,0,2023-06-11T09:30:00.000Z,2023-11-08T04:05:00.000Z
7370,BitMake,bitmake,1,0,0,2023-06-07T10:40:00.000Z,2023-11-08T04:05:00.000Z
7373,Koinpark,koinpark,1,0,0,2023-10-11T09:40:00.000Z,2023-11-08T04:05:00.000Z
7392,GMX(Arbitrum),gmx-arbitrum,1,0,0,2023-07-02T13:40:00.000Z,2023-11-08T04:05:00.000Z
7393,GMX(Avalanche),gmx-avalanche,1,0,0,2023-07-02T13:40:00.000Z,2023-11-08T04:05:00.000Z
7421,Fastex,fastex,1,0,0,2023-09-27T09:50:00.000Z,2023-11-08T04:05:00.000Z
7440,Klayswap v3,klayswap-v3,1,0,0,2023-09-19T11:30:00.000Z,2023-11-08T04:05:00.000Z
7449,DackieSwap,dackieswap,1,0,1,2023-08-31T09:35:00.000Z,2023-11-08T04:05:00.000Z
7451,CoinCatch,coincatch,1,0,0,2023-07-05T13:30:00.000Z,2023-11-08T04:05:00.000Z
7474,Phux(Plusechain),phux-pluse,1,0,0,2023-09-19T10:30:00.000Z,2023-11-08T04:05:00.000Z
7475,Camelot v3,camelot-v3,1,0,1,2023-10-17T06:40:00.000Z,2023-11-08T04:05:00.000Z
7490,Velodrome Finance v2,velodrome-finance-v2,1,0,1,2023-08-16T07:30:00.000Z,2023-11-08T04:05:00.000Z
7495,Pearl v1.5,pearl-exchange,1,0,0,2023-10-10T16:30:00.000Z,2023-11-08T04:05:00.000Z
7510,PancakeSwap v3 (Polygon zkEVM),pancakeswap-v3-polygonzkevm,1,0,0,2023-07-05T03:30:00.000Z,2023-11-08T04:05:00.000Z
7516,Retro,retro,1,0,0,2023-08-23T07:30:00.000Z,2023-11-08T04:05:00.000Z
7557,EXMO.ME,exmo-me,1,0,1,2023-07-03T10:55:00.000Z,2023-11-08T04:05:00.000Z
7587,SuiSwap,suiswap-dex,1,0,0,2023-07-05T12:35:00.000Z,2023-07-09T02:40:00.000Z
7618,BitVenus,bitvenus,1,0,0,2023-07-16T12:35:00.000Z,2023-11-08T04:05:00.000Z
7677,FusionX v2,fusionx-v2,1,0,0,2023-07-18T09:40:00.000Z,2023-09-27T14:05:00.000Z
7678,FusionX v3,fusionx-v3,1,0,0,2023-07-18T09:40:00.000Z,2023-11-08T04:05:00.000Z
7695,Wombat Exchange (Arbitrum),wombat-exchange-arbitrum,1,0,0,2023-09-17T07:35:00.000Z,2023-11-08T04:05:00.000Z
7699,BIKA,bika,1,0,0,2023-07-25T08:30:00.000Z,2023-11-08T04:05:00.000Z
7702,SyncSwap (Linea),syncswap-linea,1,0,0,2023-08-01T11:30:00.000Z,2023-11-08T04:05:00.000Z
7704,Horizon Dex,horizondex,1,0,0,2023-08-01T11:30:00.000Z,2023-11-08T04:05:00.000Z
7731,Agni Finance(Mantle),agni-finance-mantle,1,0,0,2023-07-27T09:30:00.000Z,2023-09-28T01:40:00.000Z
7748,Topcredit Int,topcredit-int,1,0,0,2023-07-30T08:50:00.000Z,2023-11-08T04:05:00.000Z
7755,PancakeSwap v3 (zkSync Era),pancakeswap-v3-zksyncera,1,0,0,2023-07-26T14:30:00.000Z,2023-11-08T04:05:00.000Z
7761,PancakeSwap v2 (zkSync Era),pancakeswap-v2-zksync-era,1,0,0,2023-07-27T11:30:00.000Z,2023-11-08T04:05:00.000Z
7776,LeetSwap (Base),leetswap,1,0,0,2023-07-30T08:45:00.000Z,2023-09-02T06:20:00.000Z
7779,RocketSwap,rocketswap,1,0,0,2023-08-07T05:30:00.000Z,2023-11-08T04:05:00.000Z
7789,SwapBased,swapbased,1,0,0,2023-08-03T10:35:00.000Z,2023-11-08T04:05:00.000Z
7791,Uniswap v3 (Base),uniswap-v3-base,1,0,0,2023-08-06T17:35:00.000Z,2023-11-08T04:05:00.000Z
7805,Synthswap,synthswap,1,0,1,2023-08-09T08:30:00.000Z,2023-11-08T04:05:00.000Z
7806,SushiSwap v3 (Base),sushiswap-v3-base,1,0,1,2023-08-02T18:30:00.000Z,2023-11-08T04:05:00.000Z
7808,BaseSwap,baseswap,1,0,0,2023-08-06T13:30:00.000Z,2023-11-08T04:05:00.000Z
7839,Trader Joe v2.1 (Ethereum),traderjoev21-ethereum,1,0,0,2023-08-03T22:00:00.000Z,2023-11-08T04:05:00.000Z
7888,Rai Finance,rai-finance,1,0,0,2023-09-01T15:20:00.000Z,2023-11-08T04:05:00.000Z
7893,Coinbase International Exchange,coinbase-international-exchange,1,0,0,2023-10-12T09:25:00.000Z,2023-11-08T04:05:00.000Z
7930,PancakeSwap v3 (Arbitrum),pancake-v3-arbitrum,1,0,0,2023-08-09T15:35:00.000Z,2023-11-08T04:05:00.000Z
7932,PancakeSwap v2 (Arbitrum),pancake-v2-arbitrum,1,0,0,2023-08-09T16:45:00.000Z,2023-11-08T04:05:00.000Z
8001,Jedi Swap,jediswap,1,0,0,2023-08-15T07:30:00.000Z,2023-11-08T04:05:00.000Z
8002,10K Swap,10k-swap,1,0,0,2023-08-15T07:30:00.000Z,2023-11-08T04:05:00.000Z
8003,MySwap(Starknet),myswap-starknet,1,0,0,2023-08-15T06:30:00.000Z,2023-11-08T04:05:00.000Z
8031,BinarySwap,binaryswap,1,0,0,2023-11-08T04:05:31.635Z,2023-11-08T04:05:31.635Z
8069,Velocimeter (Base),velocimeter-base,1,0,0,2023-08-20T09:40:00.000Z,2023-11-08T04:05:00.000Z
8080,CommEX,commex,1,0,0,2023-09-05T08:20:00.000Z,2023-11-08T04:05:00.000Z
8125,OrangeX,orangex,1,0,0,2023-08-29T11:10:00.000Z,2023-11-08T04:05:00.000Z
8161,Astroport(SEI),astroport-set,1,0,0,2023-11-08T04:05:31.634Z,2023-11-08T04:05:31.634Z
8167,DogSwap,dogswap,1,0,0,2023-09-10T09:30:00.000Z,2023-11-08T04:05:00.000Z
8169,Marswap,marswap,1,0,0,2023-09-19T18:30:00.000Z,2023-11-02T20:25:00.000Z
8171,Woof Finance,201-0x42d6041342021bc317796c6a0f10ce39346e9167,1,0,0,2023-11-08T04:05:31.435Z,2023-11-08T04:05:31.434Z
8172,WoofSwap,woofswap,1,0,0,2023-10-26T15:25:00.000Z,2023-11-02T20:25:00.000Z
8181,Pancakeswap v3 (Base),pancakeswapv3-base,1,0,0,2023-10-18T15:45:00.000Z,2023-11-08T04:05:00.000Z
8183,PancakeSwap v2 (Base),pancakeswap-v2-base,1,0,1,2023-10-23T11:40:00.000Z,2023-11-08T04:05:00.000Z
8282,Zenlink (Astar),zenlink-astar,1,0,0,2023-09-11T07:35:00.000Z,2023-11-08T04:05:00.000Z
8411,ApolloX v2 (Arbitrum),apollox-v2-arbitrum,1,0,1,2023-10-17T06:30:00.000Z,2023-11-08T04:05:00.000Z
8418,ApolloX v2 (BSC),apollox-v2-bsc,1,0,1,2023-10-17T06:35:00.000Z,2023-11-08T04:05:00.000Z
8617,M2,m2,1,0,0,2023-11-01T13:50:00.000Z,2023-11-04T12:40:00.000Z
8634,iZiswap (Scroll),205-0x8c7d3063579bdb0b90997e18a770eae32e1ebb08,1,0,0,2023-10-29T12:35:00.000Z,2023-11-08T04:05:00.000Z
8636,KyberSwap (Scroll),kyberswap-scroll,1,0,0,2023-10-29T12:35:00.000Z,2023-11-08T04:05:00.000Z
8638,Syncswap (Scroll),syncswap-scroll,1,0,0,2023-10-29T12:35:00.000Z,2023-11-08T04:05:00.000Z
8658,Skydrome (Scroll),skydrome-scroll,1,0,0,2023-10-29T14:35:00.000Z,2023-11-08T04:05:00.000Z
